run_id,experiment_id,status,artifact_uri,start_time,end_time,metrics.equalized_odds_difference_0.2,metrics.correction_acc,metrics.correction_fnr,metrics.predictive_equality_difference_0.5,metrics.equalized_odds_difference_0.5,metrics.accuracy_0.8,metrics.correction_fpr,metrics.predictive_equality_difference_0.2,metrics.predictive_equality_difference_0.8,metrics.accuracy_0.2,metrics.equalized_odds_difference_0.8,metrics.equal_opportunity_difference_0.2,metrics.equal_opportunity_difference_0.5,metrics.demographic_parity_difference_0.5,metrics.demographic_parity_difference_0.8,metrics.roc_auc,metrics.auc_difference,metrics.equal_opportunity_difference_0.8,metrics.demographic_parity_difference_0.2,metrics.accuracy_0.5,params.threshold,params.correction_alg,params.senstive_attr,params.test_size,params.noise_type,params.classifier,params.dataset,params.noise_rate,tags.run,tags.mlflow.source.type,tags.mlflow.user,tags.mlflow.runName,tags.mlflow.source.git.commit,tags.test_set,tags.train_set,tags.mlflow.source.name
d79a9d0720ff4108909340103b1dcc87,78,FINISHED,file:///mnt/c/Users/ineso/MEIC_22_23/rewriting-history/mlruns/78/d79a9d0720ff4108909340103b1dcc87/artifacts,2023-04-22 22:29:23.644000+00:00,2023-04-22 22:29:38.335000+00:00,1.0,0.6729857819905213,0.898876404494382,0.0,1.0,0.9478672985781991,0.0357653791130186,0.0,0.0,0.95260663507109,0.6666666666666666,1.0,1.0,1.0,0.6666666666666666,0.7544677544677545,0.6808080808080808,0.6666666666666667,1.0,0.95260663507109,0.2,Ordering-Based Correction,V29,0.2,balanced_bias,LogReg,biodeg,0.9,22042023_230909,LOCAL,ines,melodic-moose-256,4641b3fb03ab198aa67de33b2eb5e06d559d34e0,corrected,corrected,run_noiseinjection.py
48966c24a09b44edacd81ab6babb4541,78,FINISHED,file:///mnt/c/Users/ineso/MEIC_22_23/rewriting-history/mlruns/78/48966c24a09b44edacd81ab6babb4541/artifacts,2023-04-22 22:29:08.818000+00:00,2023-04-22 22:29:23.257000+00:00,1.0,0.6729857819905213,0.898876404494382,0.0,1.0,0.9478672985781991,0.0357653791130186,0.0,0.0,0.95260663507109,0.6666666666666666,1.0,1.0,1.0,0.6666666666666666,0.7544677544677545,0.6808080808080808,0.6666666666666667,1.0,0.95260663507109,0.2,Ordering-Based Correction,V29,0.2,balanced_bias,LogReg,biodeg,0.9,22042023_230909,LOCAL,ines,dapper-stoat-165,4641b3fb03ab198aa67de33b2eb5e06d559d34e0,corrected,noisy,run_noiseinjection.py
204cd2d769ee4cbdaf6c5993ceecd5c7,78,FINISHED,file:///mnt/c/Users/ineso/MEIC_22_23/rewriting-history/mlruns/78/204cd2d769ee4cbdaf6c5993ceecd5c7/artifacts,2023-04-22 22:28:53.803000+00:00,2023-04-22 22:29:08.428000+00:00,0.5666666666666667,0.6729857819905213,0.898876404494382,0.2777777777777778,0.8,0.8009478672985783,0.0357653791130186,0.4444444444444444,0.1717171717171717,0.5687203791469194,0.5,0.5666666666666667,0.8,0.30288461538461536,0.1875,0.6456876456876458,0.7752525252525253,0.5,0.13301282051282054,0.7156398104265402,0.2,Ordering-Based Correction,V29,0.2,balanced_bias,LogReg,biodeg,0.9,22042023_230909,LOCAL,ines,fearless-smelt-59,4641b3fb03ab198aa67de33b2eb5e06d559d34e0,corrected,original,run_noiseinjection.py
166af8c0d7ca46a4aa81c074433302c5,78,FINISHED,file:///mnt/c/Users/ineso/MEIC_22_23/rewriting-history/mlruns/78/166af8c0d7ca46a4aa81c074433302c5/artifacts,2023-04-22 22:28:38.945000+00:00,2023-04-22 22:28:53.369000+00:00,1.0,0.6729857819905213,0.898876404494382,0.0,1.0,0.9478672985781991,0.0357653791130186,0.0,0.0,0.95260663507109,0.6666666666666666,1.0,1.0,1.0,0.6666666666666666,0.7544677544677545,0.6808080808080808,0.6666666666666667,1.0,0.95260663507109,0.2,Ordering-Based Correction,V29,0.2,balanced_bias,LogReg,biodeg,0.9,22042023_230909,LOCAL,ines,unleashed-croc-714,4641b3fb03ab198aa67de33b2eb5e06d559d34e0,noisy,corrected,run_noiseinjection.py
94a9969d1f474230bcd7b9c494966433,78,FINISHED,file:///mnt/c/Users/ineso/MEIC_22_23/rewriting-history/mlruns/78/94a9969d1f474230bcd7b9c494966433/artifacts,2023-04-22 22:28:24.172000+00:00,2023-04-22 22:28:38.561000+00:00,1.0,0.6729857819905213,0.898876404494382,0.0,1.0,0.9478672985781991,0.0357653791130186,0.0,0.0,0.95260663507109,0.6666666666666666,1.0,1.0,1.0,0.6666666666666666,0.7544677544677545,0.6808080808080808,0.6666666666666667,1.0,0.95260663507109,0.2,Ordering-Based Correction,V29,0.2,balanced_bias,LogReg,biodeg,0.9,22042023_230909,LOCAL,ines,secretive-steed-923,4641b3fb03ab198aa67de33b2eb5e06d559d34e0,noisy,noisy,run_noiseinjection.py
db3a508d0c424309bc3dd9c55239d4ff,78,FINISHED,file:///mnt/c/Users/ineso/MEIC_22_23/rewriting-history/mlruns/78/db3a508d0c424309bc3dd9c55239d4ff/artifacts,2023-04-22 22:28:09.203000+00:00,2023-04-22 22:28:23.784000+00:00,0.5666666666666667,0.6729857819905213,0.898876404494382,0.2777777777777778,0.8,0.8009478672985783,0.0357653791130186,0.4444444444444444,0.1717171717171717,0.5687203791469194,0.5,0.5666666666666667,0.8,0.30288461538461536,0.1875,0.6456876456876458,0.7752525252525253,0.5,0.13301282051282054,0.7156398104265402,0.2,Ordering-Based Correction,V29,0.2,balanced_bias,LogReg,biodeg,0.9,22042023_230909,LOCAL,ines,mysterious-vole-749,4641b3fb03ab198aa67de33b2eb5e06d559d34e0,noisy,original,run_noiseinjection.py
11b521e8e0744f5dbf7de1eb03e81ed1,78,FINISHED,file:///mnt/c/Users/ineso/MEIC_22_23/rewriting-history/mlruns/78/11b521e8e0744f5dbf7de1eb03e81ed1/artifacts,2023-04-22 22:27:54.201000+00:00,2023-04-22 22:28:08.810000+00:00,1.0,0.6729857819905213,0.898876404494382,1.0,1.0,0.6540284360189573,0.0357653791130186,1.0,0.6666666666666666,0.6492890995260664,0.6666666666666666,1.0,1.0,1.0,0.6666666666666666,0.8100603621730382,0.82779891024982,1.0,1.0,0.6492890995260664,0.2,Ordering-Based Correction,V29,0.2,balanced_bias,LogReg,biodeg,0.9,22042023_230909,LOCAL,ines,painted-doe-266,4641b3fb03ab198aa67de33b2eb5e06d559d34e0,original,corrected,run_noiseinjection.py
4f22d5ca6aa041bba8bb50d3eb3cd8a5,78,FINISHED,file:///mnt/c/Users/ineso/MEIC_22_23/rewriting-history/mlruns/78/4f22d5ca6aa041bba8bb50d3eb3cd8a5/artifacts,2023-04-22 22:27:39.270000+00:00,2023-04-22 22:27:53.817000+00:00,1.0,0.6729857819905213,0.898876404494382,1.0,1.0,0.6540284360189573,0.0357653791130186,1.0,0.6666666666666666,0.6492890995260664,0.6666666666666666,1.0,1.0,1.0,0.6666666666666666,0.8100603621730382,0.82779891024982,1.0,1.0,0.6492890995260664,0.2,Ordering-Based Correction,V29,0.2,balanced_bias,LogReg,biodeg,0.9,22042023_230909,LOCAL,ines,amusing-perch-103,4641b3fb03ab198aa67de33b2eb5e06d559d34e0,original,noisy,run_noiseinjection.py
1325ff6da38e42528421f31661233ce6,78,FINISHED,file:///mnt/c/Users/ineso/MEIC_22_23/rewriting-history/mlruns/78/1325ff6da38e42528421f31661233ce6/artifacts,2023-04-22 22:27:24.085000+00:00,2023-04-22 22:27:38.886000+00:00,0.9014084507042254,0.6729857819905213,0.898876404494382,0.08029197080291971,0.7323943661971831,0.8009478672985783,0.0357653791130186,0.09245742092457418,0.0364963503649635,0.8056872037914692,0.4788732394366197,0.09859154929577464,0.2676056338028169,0.30288461538461536,0.1875,0.9160965794768612,0.9152873445049861,0.5211267605633803,0.13301282051282054,0.8578199052132701,0.2,Ordering-Based Correction,V29,0.2,balanced_bias,LogReg,biodeg,0.9,22042023_230909,LOCAL,ines,beautiful-midge-478,4641b3fb03ab198aa67de33b2eb5e06d559d34e0,original,original,run_noiseinjection.py
d32bb0b5c1884740b50d09af91f81d43,78,FINISHED,file:///mnt/c/Users/ineso/MEIC_22_23/rewriting-history/mlruns/78/d32bb0b5c1884740b50d09af91f81d43/artifacts,2023-04-22 22:27:08.762000+00:00,2023-04-22 22:27:23.107000+00:00,0.9411764705882353,0.7109004739336493,0.797752808988764,0.0,0.6666666666666666,0.9052132701421801,0.030042918454935622,0.015706806282722512,0.0,0.909952606635071,0.0,0.9411764705882353,0.6666666666666667,0.6666666666666666,0.0,0.7884816753926701,0.7511549122266707,0.0,0.9807692307692307,0.9146919431279621,0.2,Ordering-Based Correction,V29,0.2,balanced_bias,LogReg,biodeg,0.8,22042023_230909,LOCAL,ines,mercurial-jay-184,4641b3fb03ab198aa67de33b2eb5e06d559d34e0,corrected,corrected,run_noiseinjection.py
d7070ed163814d87ac0c87f1d797abd1,78,FINISHED,file:///mnt/c/Users/ineso/MEIC_22_23/rewriting-history/mlruns/78/d7070ed163814d87ac0c87f1d797abd1/artifacts,2023-04-22 22:26:53.496000+00:00,2023-04-22 22:27:08.385000+00:00,0.9411764705882353,0.7109004739336493,0.797752808988764,0.0,0.6666666666666666,0.9052132701421801,0.030042918454935622,0.015706806282722512,0.0,0.909952606635071,0.0,0.9411764705882353,0.6666666666666667,0.6666666666666666,0.0,0.7884816753926701,0.7511549122266707,0.0,0.9807692307692307,0.9146919431279621,0.2,Ordering-Based Correction,V29,0.2,balanced_bias,LogReg,biodeg,0.8,22042023_230909,LOCAL,ines,big-ray-308,4641b3fb03ab198aa67de33b2eb5e06d559d34e0,corrected,noisy,run_noiseinjection.py
4c408524145f4995acf2feb823815114,78,FINISHED,file:///mnt/c/Users/ineso/MEIC_22_23/rewriting-history/mlruns/78/4c408524145f4995acf2feb823815114/artifacts,2023-04-22 22:26:38.143000+00:00,2023-04-22 22:26:53.085000+00:00,0.49019607843137253,0.7109004739336493,0.797752808988764,0.2670157068062827,0.7058823529411765,0.7962085308056872,0.030042918454935622,0.43455497382198954,0.16230366492146597,0.5829383886255924,0.47058823529411764,0.4901960784313725,0.7058823529411764,0.30288461538461536,0.1875,0.6840314136125655,0.7662457653218355,0.47058823529411764,0.13301282051282054,0.7203791469194313,0.2,Ordering-Based Correction,V29,0.2,balanced_bias,LogReg,biodeg,0.8,22042023_230909,LOCAL,ines,illustrious-bird-226,4641b3fb03ab198aa67de33b2eb5e06d559d34e0,corrected,original,run_noiseinjection.py
89c01fa425e046bbb38a46cc61242556,78,FINISHED,file:///mnt/c/Users/ineso/MEIC_22_23/rewriting-history/mlruns/78/89c01fa425e046bbb38a46cc61242556/artifacts,2023-04-22 22:26:22.741000+00:00,2023-04-22 22:26:37.757000+00:00,0.9411764705882353,0.7109004739336493,0.797752808988764,0.0,0.6666666666666666,0.9052132701421801,0.030042918454935622,0.015706806282722512,0.0,0.909952606635071,0.0,0.9411764705882353,0.6666666666666667,0.6666666666666666,0.0,0.7884816753926701,0.7511549122266707,0.0,0.9807692307692307,0.9146919431279621,0.2,Ordering-Based Correction,V29,0.2,balanced_bias,LogReg,biodeg,0.8,22042023_230909,LOCAL,ines,zealous-carp-855,4641b3fb03ab198aa67de33b2eb5e06d559d34e0,noisy,corrected,run_noiseinjection.py
9a38261c3e9c41a7aa07c1273b918e1a,78,FINISHED,file:///mnt/c/Users/ineso/MEIC_22_23/rewriting-history/mlruns/78/9a38261c3e9c41a7aa07c1273b918e1a/artifacts,2023-04-22 22:26:07.856000+00:00,2023-04-22 22:26:22.372000+00:00,0.9411764705882353,0.7109004739336493,0.797752808988764,0.0,0.6666666666666666,0.9052132701421801,0.030042918454935622,0.015706806282722512,0.0,0.909952606635071,0.0,0.9411764705882353,0.6666666666666667,0.6666666666666666,0.0,0.7884816753926701,0.7511549122266707,0.0,0.9807692307692307,0.9146919431279621,0.2,Ordering-Based Correction,V29,0.2,balanced_bias,LogReg,biodeg,0.8,22042023_230909,LOCAL,ines,beautiful-worm-695,4641b3fb03ab198aa67de33b2eb5e06d559d34e0,noisy,noisy,run_noiseinjection.py
8b82503743d14ab7a4e83d520eca7a5c,78,FINISHED,file:///mnt/c/Users/ineso/MEIC_22_23/rewriting-history/mlruns/78/8b82503743d14ab7a4e83d520eca7a5c/artifacts,2023-04-22 22:25:52.145000+00:00,2023-04-22 22:26:07.494000+00:00,0.49019607843137253,0.7109004739336493,0.797752808988764,0.2670157068062827,0.7058823529411765,0.7962085308056872,0.030042918454935622,0.43455497382198954,0.16230366492146597,0.5829383886255924,0.47058823529411764,0.4901960784313725,0.7058823529411764,0.30288461538461536,0.1875,0.6840314136125655,0.7662457653218355,0.47058823529411764,0.13301282051282054,0.7203791469194313,0.2,Ordering-Based Correction,V29,0.2,balanced_bias,LogReg,biodeg,0.8,22042023_230909,LOCAL,ines,sedate-dog-744,4641b3fb03ab198aa67de33b2eb5e06d559d34e0,noisy,original,run_noiseinjection.py
ab7023101cc54283805cbe3abe8a57f6,78,FINISHED,file:///mnt/c/Users/ineso/MEIC_22_23/rewriting-history/mlruns/78/ab7023101cc54283805cbe3abe8a57f6/artifacts,2023-04-22 22:25:36.427000+00:00,2023-04-22 22:25:51.746000+00:00,1.0,0.7109004739336493,0.797752808988764,0.6666666666666666,0.6666666666666666,0.6635071090047393,0.030042918454935622,1.0,0.0,0.6682464454976303,0.0,0.9436619718309859,1.0,0.6666666666666666,0.0,0.8672032193158954,0.8861930708337618,1.0,0.9807692307692307,0.6540284360189573,0.2,Ordering-Based Correction,V29,0.2,balanced_bias,LogReg,biodeg,0.8,22042023_230909,LOCAL,ines,efficient-shrew-126,4641b3fb03ab198aa67de33b2eb5e06d559d34e0,original,corrected,run_noiseinjection.py
2de689153bb4423db95af498eb1fcf8b,78,FINISHED,file:///mnt/c/Users/ineso/MEIC_22_23/rewriting-history/mlruns/78/2de689153bb4423db95af498eb1fcf8b/artifacts,2023-04-22 22:25:21.262000+00:00,2023-04-22 22:25:36.047000+00:00,1.0,0.7109004739336493,0.797752808988764,0.6666666666666666,0.6666666666666666,0.6635071090047393,0.030042918454935622,1.0,0.0,0.6682464454976303,0.0,0.9436619718309859,1.0,0.6666666666666666,0.0,0.8672032193158954,0.8861930708337618,1.0,0.9807692307692307,0.6540284360189573,0.2,Ordering-Based Correction,V29,0.2,balanced_bias,LogReg,biodeg,0.8,22042023_230909,LOCAL,ines,adventurous-deer-984,4641b3fb03ab198aa67de33b2eb5e06d559d34e0,original,noisy,run_noiseinjection.py
d49026fb989749d89afe4083f090087a,78,FINISHED,file:///mnt/c/Users/ineso/MEIC_22_23/rewriting-history/mlruns/78/d49026fb989749d89afe4083f090087a/artifacts,2023-04-22 22:25:05.933000+00:00,2023-04-22 22:25:20.883000+00:00,0.9014084507042254,0.7109004739336493,0.797752808988764,0.08029197080291971,0.7323943661971831,0.8009478672985783,0.030042918454935622,0.09245742092457418,0.0364963503649635,0.8056872037914692,0.4788732394366197,0.09859154929577464,0.2676056338028169,0.30288461538461536,0.1875,0.9160965794768612,0.9152873445049861,0.5211267605633803,0.13301282051282054,0.8578199052132701,0.2,Ordering-Based Correction,V29,0.2,balanced_bias,LogReg,biodeg,0.8,22042023_230909,LOCAL,ines,carefree-bass-620,4641b3fb03ab198aa67de33b2eb5e06d559d34e0,original,original,run_noiseinjection.py
bd90d3a674ad477aa5ce6e6127ce84e2,78,FINISHED,file:///mnt/c/Users/ineso/MEIC_22_23/rewriting-history/mlruns/78/bd90d3a674ad477aa5ce6e6127ce84e2/artifacts,2023-04-22 22:24:49.990000+00:00,2023-04-22 22:25:04.911000+00:00,0.4545454545454546,0.7459715639810427,0.7078651685393258,0.0,0.3333333333333333,0.8815165876777251,0.022889842632331903,0.12365591397849462,0.0,0.8436018957345972,0.0,0.45454545454545453,0.33333333333333337,0.3333333333333333,0.0,0.8043010752688172,0.780058651026393,0.0,0.8317307692307692,0.8862559241706162,0.2,Ordering-Based Correction,V29,0.2,balanced_bias,LogReg,biodeg,0.7,22042023_230909,LOCAL,ines,brawny-grub-853,4641b3fb03ab198aa67de33b2eb5e06d559d34e0,corrected,corrected,run_noiseinjection.py
0282242894e94ad1b2ddd5186470bb08,78,FINISHED,file:///mnt/c/Users/ineso/MEIC_22_23/rewriting-history/mlruns/78/0282242894e94ad1b2ddd5186470bb08/artifacts,2023-04-22 22:24:35.141000+00:00,2023-04-22 22:24:49.622000+00:00,0.4545454545454546,0.7459715639810427,0.7078651685393258,0.0,0.3333333333333333,0.8815165876777251,0.022889842632331903,0.12365591397849462,0.0,0.8436018957345972,0.0,0.45454545454545453,0.33333333333333337,0.3333333333333333,0.0,0.8043010752688172,0.780058651026393,0.0,0.8317307692307692,0.8862559241706162,0.2,Ordering-Based Correction,V29,0.2,balanced_bias,LogReg,biodeg,0.7,22042023_230909,LOCAL,ines,upbeat-cod-400,4641b3fb03ab198aa67de33b2eb5e06d559d34e0,corrected,noisy,run_noiseinjection.py
6e20a4da5bab4e4f8f2e0856e90c25dc,78,FINISHED,file:///mnt/c/Users/ineso/MEIC_22_23/rewriting-history/mlruns/78/6e20a4da5bab4e4f8f2e0856e90c25dc/artifacts,2023-04-22 22:24:20.029000+00:00,2023-04-22 22:24:34.757000+00:00,0.5303030303030303,0.7459715639810427,0.7078651685393258,0.24731182795698925,0.7727272727272727,0.8104265402843602,0.022889842632331903,0.41935483870967744,0.14516129032258066,0.6066350710900474,0.5454545454545454,0.5303030303030303,0.7727272727272727,0.30288461538461536,0.1875,0.7404301075268817,0.8108504398826979,0.5454545454545454,0.13301282051282054,0.7440758293838863,0.2,Ordering-Based Correction,V29,0.2,balanced_bias,LogReg,biodeg,0.7,22042023_230909,LOCAL,ines,enchanting-pig-850,4641b3fb03ab198aa67de33b2eb5e06d559d34e0,corrected,original,run_noiseinjection.py
a06b7312125d43fcbc2c10f9de2b3985,78,FINISHED,file:///mnt/c/Users/ineso/MEIC_22_23/rewriting-history/mlruns/78/a06b7312125d43fcbc2c10f9de2b3985/artifacts,2023-04-22 22:24:04.940000+00:00,2023-04-22 22:24:19.623000+00:00,0.4545454545454546,0.7459715639810427,0.7078651685393258,0.0,0.3333333333333333,0.8815165876777251,0.022889842632331903,0.12365591397849462,0.0,0.8436018957345972,0.0,0.45454545454545453,0.33333333333333337,0.3333333333333333,0.0,0.8043010752688172,0.780058651026393,0.0,0.8317307692307692,0.8862559241706162,0.2,Ordering-Based Correction,V29,0.2,balanced_bias,LogReg,biodeg,0.7,22042023_230909,LOCAL,ines,big-auk-127,4641b3fb03ab198aa67de33b2eb5e06d559d34e0,noisy,corrected,run_noiseinjection.py
e13ca20cfe0a42df96b74c68253383d4,78,FINISHED,file:///mnt/c/Users/ineso/MEIC_22_23/rewriting-history/mlruns/78/e13ca20cfe0a42df96b74c68253383d4/artifacts,2023-04-22 22:23:50.052000+00:00,2023-04-22 22:24:04.553000+00:00,0.4545454545454546,0.7459715639810427,0.7078651685393258,0.0,0.3333333333333333,0.8815165876777251,0.022889842632331903,0.12365591397849462,0.0,0.8436018957345972,0.0,0.45454545454545453,0.33333333333333337,0.3333333333333333,0.0,0.8043010752688172,0.780058651026393,0.0,0.8317307692307692,0.8862559241706162,0.2,Ordering-Based Correction,V29,0.2,balanced_bias,LogReg,biodeg,0.7,22042023_230909,LOCAL,ines,tasteful-pig-696,4641b3fb03ab198aa67de33b2eb5e06d559d34e0,noisy,noisy,run_noiseinjection.py
90364dc808614df89ec6516dc6461ad2,78,FINISHED,file:///mnt/c/Users/ineso/MEIC_22_23/rewriting-history/mlruns/78/90364dc808614df89ec6516dc6461ad2/artifacts,2023-04-22 22:23:35.082000+00:00,2023-04-22 22:23:49.670000+00:00,0.5303030303030303,0.7459715639810427,0.7078651685393258,0.24731182795698925,0.7727272727272727,0.8104265402843602,0.022889842632331903,0.41935483870967744,0.14516129032258066,0.6066350710900474,0.5454545454545454,0.5303030303030303,0.7727272727272727,0.30288461538461536,0.1875,0.7404301075268817,0.8108504398826979,0.5454545454545454,0.13301282051282054,0.7440758293838863,0.2,Ordering-Based Correction,V29,0.2,balanced_bias,LogReg,biodeg,0.7,22042023_230909,LOCAL,ines,useful-rat-931,4641b3fb03ab198aa67de33b2eb5e06d559d34e0,noisy,original,run_noiseinjection.py
171d72fe8f5d46c6940681f2779c1117,78,FINISHED,file:///mnt/c/Users/ineso/MEIC_22_23/rewriting-history/mlruns/78/171d72fe8f5d46c6940681f2779c1117/artifacts,2023-04-22 22:23:20.204000+00:00,2023-04-22 22:23:34.696000+00:00,0.9927007299270073,0.7459715639810427,0.7078651685393258,0.3333333333333333,0.3333333333333333,0.6635071090047393,0.022889842632331903,0.9927007299270073,0.0,0.8056872037914692,0.0,0.5211267605633803,1.0,0.3333333333333333,0.0,0.8651911468812877,0.8828004523491313,1.0,0.8317307692307692,0.6587677725118484,0.2,Ordering-Based Correction,V29,0.2,balanced_bias,LogReg,biodeg,0.7,22042023_230909,LOCAL,ines,funny-bat-836,4641b3fb03ab198aa67de33b2eb5e06d559d34e0,original,corrected,run_noiseinjection.py
ce2a0a7b22314dc7ae6f8622a0266bd5,78,FINISHED,file:///mnt/c/Users/ineso/MEIC_22_23/rewriting-history/mlruns/78/ce2a0a7b22314dc7ae6f8622a0266bd5/artifacts,2023-04-22 22:23:05.485000+00:00,2023-04-22 22:23:19.824000+00:00,0.9927007299270073,0.7459715639810427,0.7078651685393258,0.3333333333333333,0.3333333333333333,0.6635071090047393,0.022889842632331903,0.9927007299270073,0.0,0.8056872037914692,0.0,0.5211267605633803,1.0,0.3333333333333333,0.0,0.8651911468812877,0.8828004523491313,1.0,0.8317307692307692,0.6587677725118484,0.2,Ordering-Based Correction,V29,0.2,balanced_bias,LogReg,biodeg,0.7,22042023_230909,LOCAL,ines,clumsy-stork-714,4641b3fb03ab198aa67de33b2eb5e06d559d34e0,original,noisy,run_noiseinjection.py
07124e3297ab4a6aaf36fd7fb37a4f35,78,FINISHED,file:///mnt/c/Users/ineso/MEIC_22_23/rewriting-history/mlruns/78/07124e3297ab4a6aaf36fd7fb37a4f35/artifacts,2023-04-22 22:22:50.570000+00:00,2023-04-22 22:23:05.112000+00:00,0.9014084507042254,0.7459715639810427,0.7078651685393258,0.08029197080291971,0.7323943661971831,0.8009478672985783,0.022889842632331903,0.09245742092457418,0.0364963503649635,0.8056872037914692,0.4788732394366197,0.09859154929577464,0.2676056338028169,0.30288461538461536,0.1875,0.9160965794768612,0.9152873445049861,0.5211267605633803,0.13301282051282054,0.8578199052132701,0.2,Ordering-Based Correction,V29,0.2,balanced_bias,LogReg,biodeg,0.7,22042023_230909,LOCAL,ines,beautiful-carp-801,4641b3fb03ab198aa67de33b2eb5e06d559d34e0,original,original,run_noiseinjection.py
b73d7b68decd4a92a8cabefc4653c605,78,FINISHED,file:///mnt/c/Users/ineso/MEIC_22_23/rewriting-history/mlruns/78/b73d7b68decd4a92a8cabefc4653c605/artifacts,2023-04-22 22:22:34.884000+00:00,2023-04-22 22:22:49.504000+00:00,0.4137931034482759,0.781042654028436,0.6095505617977528,0.027932960893854747,0.034482758620689655,0.8483412322274881,0.020028612303290415,0.17318435754189945,0.0,0.7962085308056872,0.0,0.41379310344827586,0.03448275862068961,0.028846153846153848,0.0,0.7973114525139664,0.7848198805625121,0.0,0.7692307692307692,0.8293838862559242,0.2,Ordering-Based Correction,V29,0.2,balanced_bias,LogReg,biodeg,0.6,22042023_230909,LOCAL,ines,defiant-gnat-436,4641b3fb03ab198aa67de33b2eb5e06d559d34e0,corrected,corrected,run_noiseinjection.py
82ecee359a034712b2f38b07d2653140,78,FINISHED,file:///mnt/c/Users/ineso/MEIC_22_23/rewriting-history/mlruns/78/82ecee359a034712b2f38b07d2653140/artifacts,2023-04-22 22:22:20.327000+00:00,2023-04-22 22:22:34.504000+00:00,0.4137931034482759,0.781042654028436,0.6095505617977528,0.027932960893854747,0.034482758620689655,0.8483412322274881,0.020028612303290415,0.17318435754189945,0.0,0.7962085308056872,0.0,0.41379310344827586,0.03448275862068961,0.028846153846153848,0.0,0.7973114525139664,0.7848198805625121,0.0,0.7692307692307692,0.8293838862559242,0.2,Ordering-Based Correction,V29,0.2,balanced_bias,LogReg,biodeg,0.6,22042023_230909,LOCAL,ines,funny-grub-813,4641b3fb03ab198aa67de33b2eb5e06d559d34e0,corrected,noisy,run_noiseinjection.py
8310349815a14e9b90edb6394f43dcd5,78,FINISHED,file:///mnt/c/Users/ineso/MEIC_22_23/rewriting-history/mlruns/78/8310349815a14e9b90edb6394f43dcd5/artifacts,2023-04-22 22:22:05.282000+00:00,2023-04-22 22:22:19.973000+00:00,0.4942528735632184,0.781042654028436,0.6095505617977528,0.22905027932960895,0.7586206896551724,0.8056872037914692,0.020028612303290415,0.40782122905027934,0.1340782122905028,0.6208530805687204,0.5172413793103449,0.49425287356321834,0.7586206896551724,0.30288461538461536,0.1875,0.7625698324022346,0.8177615103062994,0.5172413793103448,0.13301282051282054,0.7582938388625592,0.2,Ordering-Based Correction,V29,0.2,balanced_bias,LogReg,biodeg,0.6,22042023_230909,LOCAL,ines,enchanting-eel-16,4641b3fb03ab198aa67de33b2eb5e06d559d34e0,corrected,original,run_noiseinjection.py
18bbb3cf381a4d07a07e04bcaae3936c,78,FINISHED,file:///mnt/c/Users/ineso/MEIC_22_23/rewriting-history/mlruns/78/18bbb3cf381a4d07a07e04bcaae3936c/artifacts,2023-04-22 22:21:50.439000+00:00,2023-04-22 22:22:04.850000+00:00,0.4137931034482759,0.781042654028436,0.6095505617977528,0.027932960893854747,0.034482758620689655,0.8483412322274881,0.020028612303290415,0.17318435754189945,0.0,0.7962085308056872,0.0,0.41379310344827586,0.03448275862068961,0.028846153846153848,0.0,0.7973114525139664,0.7848198805625121,0.0,0.7692307692307692,0.8293838862559242,0.2,Ordering-Based Correction,V29,0.2,balanced_bias,LogReg,biodeg,0.6,22042023_230909,LOCAL,ines,vaunted-ram-343,4641b3fb03ab198aa67de33b2eb5e06d559d34e0,noisy,corrected,run_noiseinjection.py
3a873d2ef0054172ba84cba115b59d62,78,FINISHED,file:///mnt/c/Users/ineso/MEIC_22_23/rewriting-history/mlruns/78/3a873d2ef0054172ba84cba115b59d62/artifacts,2023-04-22 22:21:35.749000+00:00,2023-04-22 22:21:50.093000+00:00,0.4137931034482759,0.781042654028436,0.6095505617977528,0.027932960893854747,0.034482758620689655,0.8483412322274881,0.020028612303290415,0.17318435754189945,0.0,0.7962085308056872,0.0,0.41379310344827586,0.03448275862068961,0.028846153846153848,0.0,0.7973114525139664,0.7848198805625121,0.0,0.7692307692307692,0.8293838862559242,0.2,Ordering-Based Correction,V29,0.2,balanced_bias,LogReg,biodeg,0.6,22042023_230909,LOCAL,ines,worried-chimp-498,4641b3fb03ab198aa67de33b2eb5e06d559d34e0,noisy,noisy,run_noiseinjection.py
b20f583a3f304003a640ae8357c52534,78,FINISHED,file:///mnt/c/Users/ineso/MEIC_22_23/rewriting-history/mlruns/78/b20f583a3f304003a640ae8357c52534/artifacts,2023-04-22 22:21:20.513000+00:00,2023-04-22 22:21:35.346000+00:00,0.4942528735632184,0.781042654028436,0.6095505617977528,0.22905027932960895,0.7586206896551724,0.8056872037914692,0.020028612303290415,0.40782122905027934,0.1340782122905028,0.6208530805687204,0.5172413793103449,0.49425287356321834,0.7586206896551724,0.30288461538461536,0.1875,0.7625698324022346,0.8177615103062994,0.5172413793103448,0.13301282051282054,0.7582938388625592,0.2,Ordering-Based Correction,V29,0.2,balanced_bias,LogReg,biodeg,0.6,22042023_230909,LOCAL,ines,mysterious-bug-332,4641b3fb03ab198aa67de33b2eb5e06d559d34e0,noisy,original,run_noiseinjection.py
ef3a0aefd8b24a4186ed2eb81d87e889,78,FINISHED,file:///mnt/c/Users/ineso/MEIC_22_23/rewriting-history/mlruns/78/ef3a0aefd8b24a4186ed2eb81d87e889/artifacts,2023-04-22 22:21:05.341000+00:00,2023-04-22 22:21:20.127000+00:00,0.9635036496350365,0.781042654028436,0.6095505617977528,0.0072992700729927005,0.07042253521126761,0.6635071090047393,0.020028612303290415,0.9635036496350365,0.0,0.8293838862559242,0.0,0.39436619718309857,0.9295774647887324,0.028846153846153848,0.0,0.8627766599597585,0.8758096021383777,1.0,0.7692307692307692,0.6824644549763034,0.2,Ordering-Based Correction,V29,0.2,balanced_bias,LogReg,biodeg,0.6,22042023_230909,LOCAL,ines,resilient-mare-676,4641b3fb03ab198aa67de33b2eb5e06d559d34e0,original,corrected,run_noiseinjection.py
d0a7c4b6d49c411e8e860e6f7302df06,78,FINISHED,file:///mnt/c/Users/ineso/MEIC_22_23/rewriting-history/mlruns/78/d0a7c4b6d49c411e8e860e6f7302df06/artifacts,2023-04-22 22:20:50.446000+00:00,2023-04-22 22:21:04.963000+00:00,0.9635036496350365,0.781042654028436,0.6095505617977528,0.0072992700729927005,0.07042253521126761,0.6635071090047393,0.020028612303290415,0.9635036496350365,0.0,0.8293838862559242,0.0,0.39436619718309857,0.9295774647887324,0.028846153846153848,0.0,0.8627766599597585,0.8758096021383777,1.0,0.7692307692307692,0.6824644549763034,0.2,Ordering-Based Correction,V29,0.2,balanced_bias,LogReg,biodeg,0.6,22042023_230909,LOCAL,ines,vaunted-squirrel-972,4641b3fb03ab198aa67de33b2eb5e06d559d34e0,original,noisy,run_noiseinjection.py
d9be43d4986a46ebbd5558e57c9f1a97,78,FINISHED,file:///mnt/c/Users/ineso/MEIC_22_23/rewriting-history/mlruns/78/d9be43d4986a46ebbd5558e57c9f1a97/artifacts,2023-04-22 22:20:35.388000+00:00,2023-04-22 22:20:50.072000+00:00,0.9014084507042254,0.781042654028436,0.6095505617977528,0.08029197080291971,0.7323943661971831,0.8009478672985783,0.020028612303290415,0.09245742092457418,0.0364963503649635,0.8056872037914692,0.4788732394366197,0.09859154929577464,0.2676056338028169,0.30288461538461536,0.1875,0.9160965794768612,0.9152873445049861,0.5211267605633803,0.13301282051282054,0.8578199052132701,0.2,Ordering-Based Correction,V29,0.2,balanced_bias,LogReg,biodeg,0.6,22042023_230909,LOCAL,ines,glamorous-stoat-220,4641b3fb03ab198aa67de33b2eb5e06d559d34e0,original,original,run_noiseinjection.py
6b3a04ee80f54c07aab3db1ea2897b60,78,FINISHED,file:///mnt/c/Users/ineso/MEIC_22_23/rewriting-history/mlruns/78/6b3a04ee80f54c07aab3db1ea2897b60/artifacts,2023-04-22 22:20:19.435000+00:00,2023-04-22 22:20:34.341000+00:00,0.16463414634146342,0.8227488151658767,0.49157303370786515,0.03048780487804878,0.11363636363636363,0.7772511848341233,0.017167381974248927,0.16463414634146342,0.0,0.8056872037914692,0.0,0.037878787878787845,0.11363636363636365,0.04807692307692308,0.0,0.8452257394914374,0.845620842572062,0.0,0.3878205128205128,0.7772511848341233,0.2,Ordering-Based Correction,V29,0.2,balanced_bias,LogReg,biodeg,0.5,22042023_230909,LOCAL,ines,suave-fish-534,4641b3fb03ab198aa67de33b2eb5e06d559d34e0,corrected,corrected,run_noiseinjection.py
9d70941b1f4848ca83ed232a8a9de4cc,78,FINISHED,file:///mnt/c/Users/ineso/MEIC_22_23/rewriting-history/mlruns/78/9d70941b1f4848ca83ed232a8a9de4cc/artifacts,2023-04-22 22:20:04.442000+00:00,2023-04-22 22:20:19.052000+00:00,0.16463414634146342,0.8227488151658767,0.49157303370786515,0.03048780487804878,0.11363636363636363,0.7772511848341233,0.017167381974248927,0.16463414634146342,0.0,0.8056872037914692,0.0,0.037878787878787845,0.11363636363636365,0.04807692307692308,0.0,0.8452257394914374,0.845620842572062,0.0,0.3878205128205128,0.7772511848341233,0.2,Ordering-Based Correction,V29,0.2,balanced_bias,LogReg,biodeg,0.5,22042023_230909,LOCAL,ines,thundering-shad-400,4641b3fb03ab198aa67de33b2eb5e06d559d34e0,corrected,noisy,run_noiseinjection.py
27dbec72dff848129a2a620cbeaf254d,78,FINISHED,file:///mnt/c/Users/ineso/MEIC_22_23/rewriting-history/mlruns/78/27dbec72dff848129a2a620cbeaf254d/artifacts,2023-04-22 22:19:49.400000+00:00,2023-04-22 22:20:04.081000+00:00,0.553030303030303,0.8227488151658767,0.49157303370786515,0.18292682926829268,0.75,0.8104265402843602,0.017167381974248927,0.35365853658536583,0.0975609756097561,0.6919431279620853,0.5227272727272727,0.553030303030303,0.75,0.30288461538461536,0.1875,0.8191489361702127,0.8580931263858094,0.5227272727272727,0.13301282051282054,0.7914691943127962,0.2,Ordering-Based Correction,V29,0.2,balanced_bias,LogReg,biodeg,0.5,22042023_230909,LOCAL,ines,amazing-steed-82,4641b3fb03ab198aa67de33b2eb5e06d559d34e0,corrected,original,run_noiseinjection.py
00a601d952a140e1bacca70d5ea88d32,78,FINISHED,file:///mnt/c/Users/ineso/MEIC_22_23/rewriting-history/mlruns/78/00a601d952a140e1bacca70d5ea88d32/artifacts,2023-04-22 22:19:34.479000+00:00,2023-04-22 22:19:49.016000+00:00,0.16463414634146342,0.8227488151658767,0.49157303370786515,0.03048780487804878,0.11363636363636363,0.7772511848341233,0.017167381974248927,0.16463414634146342,0.0,0.8056872037914692,0.0,0.037878787878787845,0.11363636363636365,0.04807692307692308,0.0,0.8452257394914374,0.845620842572062,0.0,0.3878205128205128,0.7772511848341233,0.2,Ordering-Based Correction,V29,0.2,balanced_bias,LogReg,biodeg,0.5,22042023_230909,LOCAL,ines,charming-toad-153,4641b3fb03ab198aa67de33b2eb5e06d559d34e0,noisy,corrected,run_noiseinjection.py
2314118499e3489a80737df8b2e12575,78,FINISHED,file:///mnt/c/Users/ineso/MEIC_22_23/rewriting-history/mlruns/78/2314118499e3489a80737df8b2e12575/artifacts,2023-04-22 22:19:19.500000+00:00,2023-04-22 22:19:34.126000+00:00,0.16463414634146342,0.8227488151658767,0.49157303370786515,0.03048780487804878,0.11363636363636363,0.7772511848341233,0.017167381974248927,0.16463414634146342,0.0,0.8056872037914692,0.0,0.037878787878787845,0.11363636363636365,0.04807692307692308,0.0,0.8452257394914374,0.845620842572062,0.0,0.3878205128205128,0.7772511848341233,0.2,Ordering-Based Correction,V29,0.2,balanced_bias,LogReg,biodeg,0.5,22042023_230909,LOCAL,ines,bouncy-seal-775,4641b3fb03ab198aa67de33b2eb5e06d559d34e0,noisy,noisy,run_noiseinjection.py
f73408817cef4d60b6c293e43f7e9b3b,78,FINISHED,file:///mnt/c/Users/ineso/MEIC_22_23/rewriting-history/mlruns/78/f73408817cef4d60b6c293e43f7e9b3b/artifacts,2023-04-22 22:19:04.545000+00:00,2023-04-22 22:19:19.160000+00:00,0.553030303030303,0.8227488151658767,0.49157303370786515,0.18292682926829268,0.75,0.8104265402843602,0.017167381974248927,0.35365853658536583,0.0975609756097561,0.6919431279620853,0.5227272727272727,0.553030303030303,0.75,0.30288461538461536,0.1875,0.8191489361702127,0.8580931263858094,0.5227272727272727,0.13301282051282054,0.7914691943127962,0.2,Ordering-Based Correction,V29,0.2,balanced_bias,LogReg,biodeg,0.5,22042023_230909,LOCAL,ines,illustrious-lark-70,4641b3fb03ab198aa67de33b2eb5e06d559d34e0,noisy,original,run_noiseinjection.py
2a5dfd69a8cb417290f12890a1c0d69f,78,FINISHED,file:///mnt/c/Users/ineso/MEIC_22_23/rewriting-history/mlruns/78/2a5dfd69a8cb417290f12890a1c0d69f/artifacts,2023-04-22 22:18:49.791000+00:00,2023-04-22 22:19:04.160000+00:00,0.6619718309859155,0.8227488151658767,0.49157303370786515,0.0072992700729927005,0.1267605633802817,0.6635071090047393,0.017167381974248927,0.5863746958637469,0.0,0.8246445497630331,0.0,0.3380281690140845,0.8732394366197183,0.04807692307692308,0.0,0.8706237424547284,0.8773517014495733,1.0,0.3878205128205128,0.7014218009478673,0.2,Ordering-Based Correction,V29,0.2,balanced_bias,LogReg,biodeg,0.5,22042023_230909,LOCAL,ines,efficient-bass-627,4641b3fb03ab198aa67de33b2eb5e06d559d34e0,original,corrected,run_noiseinjection.py
db829dad35c6415d80d6270dc7d88503,78,FINISHED,file:///mnt/c/Users/ineso/MEIC_22_23/rewriting-history/mlruns/78/db829dad35c6415d80d6270dc7d88503/artifacts,2023-04-22 22:18:35.028000+00:00,2023-04-22 22:18:49.405000+00:00,0.6619718309859155,0.8227488151658767,0.49157303370786515,0.0072992700729927005,0.1267605633802817,0.6635071090047393,0.017167381974248927,0.5863746958637469,0.0,0.8246445497630331,0.0,0.3380281690140845,0.8732394366197183,0.04807692307692308,0.0,0.8706237424547284,0.8773517014495733,1.0,0.3878205128205128,0.7014218009478673,0.2,Ordering-Based Correction,V29,0.2,balanced_bias,LogReg,biodeg,0.5,22042023_230909,LOCAL,ines,judicious-cub-193,4641b3fb03ab198aa67de33b2eb5e06d559d34e0,original,noisy,run_noiseinjection.py
43ef21943ec04f3c8bbf3e92e1e3437e,78,FINISHED,file:///mnt/c/Users/ineso/MEIC_22_23/rewriting-history/mlruns/78/43ef21943ec04f3c8bbf3e92e1e3437e/artifacts,2023-04-22 22:18:19.912000+00:00,2023-04-22 22:18:34.639000+00:00,0.9014084507042254,0.8227488151658767,0.49157303370786515,0.08029197080291971,0.7323943661971831,0.8009478672985783,0.017167381974248927,0.09245742092457418,0.0364963503649635,0.8056872037914692,0.4788732394366197,0.09859154929577464,0.2676056338028169,0.30288461538461536,0.1875,0.9160965794768612,0.9152873445049861,0.5211267605633803,0.13301282051282054,0.8578199052132701,0.2,Ordering-Based Correction,V29,0.2,balanced_bias,LogReg,biodeg,0.5,22042023_230909,LOCAL,ines,luminous-ox-247,4641b3fb03ab198aa67de33b2eb5e06d559d34e0,original,original,run_noiseinjection.py
815d36ed467243aaa70a2fa2c14dd143,78,FINISHED,file:///mnt/c/Users/ineso/MEIC_22_23/rewriting-history/mlruns/78/815d36ed467243aaa70a2fa2c14dd143/artifacts,2023-04-22 22:18:04.014000+00:00,2023-04-22 22:18:18.854000+00:00,0.26415094339622647,0.8682464454976303,0.36797752808988765,0.04516129032258064,0.37735849056603776,0.7393364928909952,0.011444921316165951,0.16129032258064516,0.0064516129032258064,0.8151658767772512,0.0064516129032258064,0.2641509433962264,0.37735849056603776,0.12980769230769232,0.004807692307692308,0.8707242274121255,-0.12988435788192343,0.0,0.025641025641025605,0.8056872037914692,0.2,Ordering-Based Correction,V29,0.2,balanced_bias,LogReg,biodeg,0.4,22042023_230909,LOCAL,ines,welcoming-sow-394,4641b3fb03ab198aa67de33b2eb5e06d559d34e0,corrected,corrected,run_noiseinjection.py
8111a8098c0246a9853756a309bcb1f4,78,FINISHED,file:///mnt/c/Users/ineso/MEIC_22_23/rewriting-history/mlruns/78/8111a8098c0246a9853756a309bcb1f4/artifacts,2023-04-22 22:17:48.741000+00:00,2023-04-22 22:18:03.631000+00:00,0.26415094339622647,0.8682464454976303,0.36797752808988765,0.04516129032258064,0.37735849056603776,0.7393364928909952,0.011444921316165951,0.16129032258064516,0.0064516129032258064,0.8151658767772512,0.0064516129032258064,0.2641509433962264,0.37735849056603776,0.12980769230769232,0.004807692307692308,0.8707242274121255,-0.12988435788192343,0.0,0.025641025641025605,0.8056872037914692,0.2,Ordering-Based Correction,V29,0.2,balanced_bias,LogReg,biodeg,0.4,22042023_230909,LOCAL,ines,invincible-kit-93,4641b3fb03ab198aa67de33b2eb5e06d559d34e0,corrected,noisy,run_noiseinjection.py
04045491f5ec4a79bfcb850219f90fac,78,FINISHED,file:///mnt/c/Users/ineso/MEIC_22_23/rewriting-history/mlruns/78/04045491f5ec4a79bfcb850219f90fac/artifacts,2023-04-22 22:17:33.742000+00:00,2023-04-22 22:17:48.358000+00:00,0.3225806451612903,0.8682464454976303,0.36797752808988765,0.14193548387096774,0.7735849056603774,0.8151658767772512,0.011444921316165951,0.3225806451612903,0.07741935483870968,0.7345971563981043,0.5094339622641509,0.11320754716981132,0.7735849056603774,0.30288461538461536,0.1875,0.8709601321066289,-0.12818015824710882,0.5094339622641509,0.13301282051282054,0.8341232227488151,0.2,Ordering-Based Correction,V29,0.2,balanced_bias,LogReg,biodeg,0.4,22042023_230909,LOCAL,ines,wistful-mule-601,4641b3fb03ab198aa67de33b2eb5e06d559d34e0,corrected,original,run_noiseinjection.py
532dc3885ca14ed6928f73cf6fc111fe,78,FINISHED,file:///mnt/c/Users/ineso/MEIC_22_23/rewriting-history/mlruns/78/532dc3885ca14ed6928f73cf6fc111fe/artifacts,2023-04-22 22:17:18.670000+00:00,2023-04-22 22:17:33.353000+00:00,0.26415094339622647,0.8682464454976303,0.36797752808988765,0.04516129032258064,0.37735849056603776,0.7393364928909952,0.011444921316165951,0.16129032258064516,0.0064516129032258064,0.8151658767772512,0.0064516129032258064,0.2641509433962264,0.37735849056603776,0.12980769230769232,0.004807692307692308,0.8707242274121255,-0.12988435788192343,0.0,0.025641025641025605,0.8056872037914692,0.2,Ordering-Based Correction,V29,0.2,balanced_bias,LogReg,biodeg,0.4,22042023_230909,LOCAL,ines,thundering-dog-986,4641b3fb03ab198aa67de33b2eb5e06d559d34e0,noisy,corrected,run_noiseinjection.py
c50a70a98a094d26bf9bd8cca81005c4,78,FINISHED,file:///mnt/c/Users/ineso/MEIC_22_23/rewriting-history/mlruns/78/c50a70a98a094d26bf9bd8cca81005c4/artifacts,2023-04-22 22:17:03.537000+00:00,2023-04-22 22:17:18.306000+00:00,0.26415094339622647,0.8682464454976303,0.36797752808988765,0.04516129032258064,0.37735849056603776,0.7393364928909952,0.011444921316165951,0.16129032258064516,0.0064516129032258064,0.8151658767772512,0.0064516129032258064,0.2641509433962264,0.37735849056603776,0.12980769230769232,0.004807692307692308,0.8707242274121255,-0.12988435788192343,0.0,0.025641025641025605,0.8056872037914692,0.2,Ordering-Based Correction,V29,0.2,balanced_bias,LogReg,biodeg,0.4,22042023_230909,LOCAL,ines,caring-mule-340,4641b3fb03ab198aa67de33b2eb5e06d559d34e0,noisy,noisy,run_noiseinjection.py
44d392055f11415d9ef1434c71aed17d,78,FINISHED,file:///mnt/c/Users/ineso/MEIC_22_23/rewriting-history/mlruns/78/44d392055f11415d9ef1434c71aed17d/artifacts,2023-04-22 22:16:48.489000+00:00,2023-04-22 22:17:03.152000+00:00,0.3225806451612903,0.8682464454976303,0.36797752808988765,0.14193548387096774,0.7735849056603774,0.8151658767772512,0.011444921316165951,0.3225806451612903,0.07741935483870968,0.7345971563981043,0.5094339622641509,0.11320754716981132,0.7735849056603774,0.30288461538461536,0.1875,0.8709601321066289,-0.12818015824710882,0.5094339622641509,0.13301282051282054,0.8341232227488151,0.2,Ordering-Based Correction,V29,0.2,balanced_bias,LogReg,biodeg,0.4,22042023_230909,LOCAL,ines,trusting-fly-723,4641b3fb03ab198aa67de33b2eb5e06d559d34e0,noisy,original,run_noiseinjection.py
fdc40fa5169f4eb49e62dcdc667850d9,78,FINISHED,file:///mnt/c/Users/ineso/MEIC_22_23/rewriting-history/mlruns/78/fdc40fa5169f4eb49e62dcdc667850d9/artifacts,2023-04-22 22:16:33.489000+00:00,2023-04-22 22:16:48.100000+00:00,0.704225352112676,0.8682464454976303,0.36797752808988765,0.0072992700729927005,0.36619718309859156,0.6682464454976303,0.011444921316165951,0.23114355231143552,0.0,0.8293838862559242,0.014084507042253521,0.29577464788732394,0.6338028169014085,0.12980769230769232,0.004807692307692308,0.8876257545271631,0.8907165621466022,0.9859154929577465,0.025641025641025605,0.7819905213270142,0.2,Ordering-Based Correction,V29,0.2,balanced_bias,LogReg,biodeg,0.4,22042023_230909,LOCAL,ines,skillful-cat-308,4641b3fb03ab198aa67de33b2eb5e06d559d34e0,original,corrected,run_noiseinjection.py
2eabce34e83a4619b520bccca37e35c4,78,FINISHED,file:///mnt/c/Users/ineso/MEIC_22_23/rewriting-history/mlruns/78/2eabce34e83a4619b520bccca37e35c4/artifacts,2023-04-22 22:16:18.733000+00:00,2023-04-22 22:16:33.097000+00:00,0.704225352112676,0.8682464454976303,0.36797752808988765,0.0072992700729927005,0.36619718309859156,0.6682464454976303,0.011444921316165951,0.23114355231143552,0.0,0.8293838862559242,0.014084507042253521,0.29577464788732394,0.6338028169014085,0.12980769230769232,0.004807692307692308,0.8876257545271631,0.8907165621466022,0.9859154929577465,0.025641025641025605,0.7819905213270142,0.2,Ordering-Based Correction,V29,0.2,balanced_bias,LogReg,biodeg,0.4,22042023_230909,LOCAL,ines,luminous-toad-520,4641b3fb03ab198aa67de33b2eb5e06d559d34e0,original,noisy,run_noiseinjection.py
ce7d615bc38a4fd991750f76247ed304,78,FINISHED,file:///mnt/c/Users/ineso/MEIC_22_23/rewriting-history/mlruns/78/ce7d615bc38a4fd991750f76247ed304/artifacts,2023-04-22 22:16:03.563000+00:00,2023-04-22 22:16:18.348000+00:00,0.9014084507042254,0.8682464454976303,0.36797752808988765,0.08029197080291971,0.7323943661971831,0.8009478672985783,0.011444921316165951,0.09245742092457418,0.0364963503649635,0.8056872037914692,0.4788732394366197,0.09859154929577464,0.2676056338028169,0.30288461538461536,0.1875,0.9160965794768612,0.9152873445049861,0.5211267605633803,0.13301282051282054,0.8578199052132701,0.2,Ordering-Based Correction,V29,0.2,balanced_bias,LogReg,biodeg,0.4,22042023_230909,LOCAL,ines,redolent-calf-82,4641b3fb03ab198aa67de33b2eb5e06d559d34e0,original,original,run_noiseinjection.py
fb85444fa97e489486fbb1d72ae83abf,78,FINISHED,file:///mnt/c/Users/ineso/MEIC_22_23/rewriting-history/mlruns/78/fb85444fa97e489486fbb1d72ae83abf/artifacts,2023-04-22 22:15:47.811000+00:00,2023-04-22 22:16:02.470000+00:00,0.23333333333333334,0.909952606635071,0.25,0.06666666666666667,0.5517241379310345,0.7251184834123223,0.008583690987124463,0.23333333333333334,0.02,0.7867298578199052,0.06896551724137931,0.1724137931034483,0.5517241379310345,0.20192307692307693,0.03365384615384615,0.8829170383586084,-0.11954022988505741,0.06896551724137934,0.06570512820512825,0.8246445497630331,0.2,Ordering-Based Correction,V29,0.2,balanced_bias,LogReg,biodeg,0.3,22042023_230909,LOCAL,ines,clean-sow-556,4641b3fb03ab198aa67de33b2eb5e06d559d34e0,corrected,corrected,run_noiseinjection.py
3860454cd83c483597b4bf2917aa8df5,78,FINISHED,file:///mnt/c/Users/ineso/MEIC_22_23/rewriting-history/mlruns/78/3860454cd83c483597b4bf2917aa8df5/artifacts,2023-04-22 22:15:32.684000+00:00,2023-04-22 22:15:47.416000+00:00,0.23333333333333334,0.909952606635071,0.25,0.06666666666666667,0.5517241379310345,0.7251184834123223,0.008583690987124463,0.23333333333333334,0.02,0.7867298578199052,0.06896551724137931,0.1724137931034483,0.5517241379310345,0.20192307692307693,0.03365384615384615,0.8829170383586084,-0.11954022988505741,0.06896551724137934,0.06570512820512825,0.8246445497630331,0.2,Ordering-Based Correction,V29,0.2,balanced_bias,LogReg,biodeg,0.3,22042023_230909,LOCAL,ines,unleashed-donkey-244,4641b3fb03ab198aa67de33b2eb5e06d559d34e0,corrected,noisy,run_noiseinjection.py
74ce4a3d99784949b1e680dae8e850d7,78,FINISHED,file:///mnt/c/Users/ineso/MEIC_22_23/rewriting-history/mlruns/78/74ce4a3d99784949b1e680dae8e850d7/artifacts,2023-04-22 22:15:17.837000+00:00,2023-04-22 22:15:32.336000+00:00,0.30666666666666664,0.909952606635071,0.25,0.12666666666666668,0.7586206896551724,0.8104265402843602,0.008583690987124463,0.30666666666666664,0.06666666666666667,0.7488151658767772,0.5,0.1206896551724138,0.7586206896551724,0.30288461538461536,0.1875,0.8807983942908117,-0.11862068965517247,0.5,0.13301282051282054,0.8388625592417062,0.2,Ordering-Based Correction,V29,0.2,balanced_bias,LogReg,biodeg,0.3,22042023_230909,LOCAL,ines,bemused-deer-939,4641b3fb03ab198aa67de33b2eb5e06d559d34e0,corrected,original,run_noiseinjection.py
8e1442bf6d8344ff89382e80df6f753c,78,FINISHED,file:///mnt/c/Users/ineso/MEIC_22_23/rewriting-history/mlruns/78/8e1442bf6d8344ff89382e80df6f753c/artifacts,2023-04-22 22:15:02.725000+00:00,2023-04-22 22:15:17.375000+00:00,0.23333333333333334,0.909952606635071,0.25,0.06666666666666667,0.5517241379310345,0.7251184834123223,0.008583690987124463,0.23333333333333334,0.02,0.7867298578199052,0.06896551724137931,0.1724137931034483,0.5517241379310345,0.20192307692307693,0.03365384615384615,0.8829170383586084,-0.11954022988505741,0.06896551724137934,0.06570512820512825,0.8246445497630331,0.2,Ordering-Based Correction,V29,0.2,balanced_bias,LogReg,biodeg,0.3,22042023_230909,LOCAL,ines,lyrical-shoat-891,4641b3fb03ab198aa67de33b2eb5e06d559d34e0,noisy,corrected,run_noiseinjection.py
5f3fabeca9704e1aa371466c0c8b0425,78,FINISHED,file:///mnt/c/Users/ineso/MEIC_22_23/rewriting-history/mlruns/78/5f3fabeca9704e1aa371466c0c8b0425/artifacts,2023-04-22 22:14:47.724000+00:00,2023-04-22 22:15:02.348000+00:00,0.23333333333333334,0.909952606635071,0.25,0.06666666666666667,0.5517241379310345,0.7251184834123223,0.008583690987124463,0.23333333333333334,0.02,0.7867298578199052,0.06896551724137931,0.1724137931034483,0.5517241379310345,0.20192307692307693,0.03365384615384615,0.8829170383586084,-0.11954022988505741,0.06896551724137934,0.06570512820512825,0.8246445497630331,0.2,Ordering-Based Correction,V29,0.2,balanced_bias,LogReg,biodeg,0.3,22042023_230909,LOCAL,ines,marvelous-eel-747,4641b3fb03ab198aa67de33b2eb5e06d559d34e0,noisy,noisy,run_noiseinjection.py
add37c9734d045e395dfbfcb9eb4441b,78,FINISHED,file:///mnt/c/Users/ineso/MEIC_22_23/rewriting-history/mlruns/78/add37c9734d045e395dfbfcb9eb4441b/artifacts,2023-04-22 22:14:32.604000+00:00,2023-04-22 22:14:47.340000+00:00,0.30666666666666664,0.909952606635071,0.25,0.12666666666666668,0.7586206896551724,0.8104265402843602,0.008583690987124463,0.30666666666666664,0.06666666666666667,0.7488151658767772,0.5,0.1206896551724138,0.7586206896551724,0.30288461538461536,0.1875,0.8807983942908117,-0.11862068965517247,0.5,0.13301282051282054,0.8388625592417062,0.2,Ordering-Based Correction,V29,0.2,balanced_bias,LogReg,biodeg,0.3,22042023_230909,LOCAL,ines,abundant-pug-505,4641b3fb03ab198aa67de33b2eb5e06d559d34e0,noisy,original,run_noiseinjection.py
613ee3df178440479785688f081dc56c,78,FINISHED,file:///mnt/c/Users/ineso/MEIC_22_23/rewriting-history/mlruns/78/613ee3df178440479785688f081dc56c/artifacts,2023-04-22 22:14:17.627000+00:00,2023-04-22 22:14:32.252000+00:00,0.8028169014084507,0.909952606635071,0.25,0.0364963503649635,0.5211267605633803,0.6872037914691943,0.008583690987124463,0.1435523114355231,0.0072992700729927005,0.8056872037914692,0.08450704225352113,0.19718309859154928,0.4788732394366197,0.20192307692307693,0.03365384615384615,0.9050301810865191,0.9064459751207978,0.9154929577464789,0.06570512820512825,0.8151658767772512,0.2,Ordering-Based Correction,V29,0.2,balanced_bias,LogReg,biodeg,0.3,22042023_230909,LOCAL,ines,placid-shoat-844,4641b3fb03ab198aa67de33b2eb5e06d559d34e0,original,corrected,run_noiseinjection.py
5c60c7f27862429cb74497c8b355a03e,78,FINISHED,file:///mnt/c/Users/ineso/MEIC_22_23/rewriting-history/mlruns/78/5c60c7f27862429cb74497c8b355a03e/artifacts,2023-04-22 22:14:02.654000+00:00,2023-04-22 22:14:17.245000+00:00,0.8028169014084507,0.909952606635071,0.25,0.0364963503649635,0.5211267605633803,0.6872037914691943,0.008583690987124463,0.1435523114355231,0.0072992700729927005,0.8056872037914692,0.08450704225352113,0.19718309859154928,0.4788732394366197,0.20192307692307693,0.03365384615384615,0.9050301810865191,0.9064459751207978,0.9154929577464789,0.06570512820512825,0.8151658767772512,0.2,Ordering-Based Correction,V29,0.2,balanced_bias,LogReg,biodeg,0.3,22042023_230909,LOCAL,ines,brawny-shrike-860,4641b3fb03ab198aa67de33b2eb5e06d559d34e0,original,noisy,run_noiseinjection.py
2bfa9a393505487daa3038eb264bb905,78,FINISHED,file:///mnt/c/Users/ineso/MEIC_22_23/rewriting-history/mlruns/78/2bfa9a393505487daa3038eb264bb905/artifacts,2023-04-22 22:13:47.771000+00:00,2023-04-22 22:14:02.275000+00:00,0.9014084507042254,0.909952606635071,0.25,0.08029197080291971,0.7323943661971831,0.8009478672985783,0.008583690987124463,0.09245742092457418,0.0364963503649635,0.8056872037914692,0.4788732394366197,0.09859154929577464,0.2676056338028169,0.30288461538461536,0.1875,0.9160965794768612,0.9152873445049861,0.5211267605633803,0.13301282051282054,0.8578199052132701,0.2,Ordering-Based Correction,V29,0.2,balanced_bias,LogReg,biodeg,0.3,22042023_230909,LOCAL,ines,treasured-whale-14,4641b3fb03ab198aa67de33b2eb5e06d559d34e0,original,original,run_noiseinjection.py
a75a1a98a64344219ba995574c0b9e5d,78,FINISHED,file:///mnt/c/Users/ineso/MEIC_22_23/rewriting-history/mlruns/78/a75a1a98a64344219ba995574c0b9e5d/artifacts,2023-04-22 22:13:31.965000+00:00,2023-04-22 22:13:46.692000+00:00,0.8548387096774194,0.9412322274881516,0.16853932584269662,0.06164383561643835,0.6612903225806451,0.7393364928909952,0.002861230329041488,0.06621004566210043,0.0273972602739726,0.7677725118483413,0.1774193548387097,0.14516129032258066,0.3387096774193548,0.2403846153846154,0.07211538461538461,0.8844988092660748,0.8836721166593019,0.8225806451612904,0.10897435897435898,0.8578199052132701,0.2,Ordering-Based Correction,V29,0.2,balanced_bias,LogReg,biodeg,0.2,22042023_230909,LOCAL,ines,illustrious-bee-824,4641b3fb03ab198aa67de33b2eb5e06d559d34e0,corrected,corrected,run_noiseinjection.py
e1f3c0c6031d451d883d6c6fceeb89e2,78,FINISHED,file:///mnt/c/Users/ineso/MEIC_22_23/rewriting-history/mlruns/78/e1f3c0c6031d451d883d6c6fceeb89e2/artifacts,2023-04-22 22:13:17.228000+00:00,2023-04-22 22:13:31.592000+00:00,0.8548387096774194,0.9412322274881516,0.16853932584269662,0.06164383561643835,0.6612903225806451,0.7393364928909952,0.002861230329041488,0.06621004566210043,0.0273972602739726,0.7677725118483413,0.1774193548387097,0.14516129032258066,0.3387096774193548,0.2403846153846154,0.07211538461538461,0.8844988092660748,0.8836721166593019,0.8225806451612904,0.10897435897435898,0.8578199052132701,0.2,Ordering-Based Correction,V29,0.2,balanced_bias,LogReg,biodeg,0.2,22042023_230909,LOCAL,ines,receptive-swan-533,4641b3fb03ab198aa67de33b2eb5e06d559d34e0,corrected,noisy,run_noiseinjection.py
edcddc27c20e4f58bc5d1f3f9d034daa,78,FINISHED,file:///mnt/c/Users/ineso/MEIC_22_23/rewriting-history/mlruns/78/edcddc27c20e4f58bc5d1f3f9d034daa/artifacts,2023-04-22 22:13:02.281000+00:00,2023-04-22 22:13:16.842000+00:00,0.8870967741935484,0.9412322274881516,0.16853932584269662,0.11643835616438356,0.7419354838709677,0.8056872037914692,0.002861230329041488,0.045662100456621,0.06164383561643835,0.7630331753554502,0.4838709677419355,0.11290322580645161,0.25806451612903225,0.30288461538461536,0.1875,0.8850400519592986,0.8837825894829873,0.5161290322580645,0.13301282051282054,0.8436018957345972,0.2,Ordering-Based Correction,V29,0.2,balanced_bias,LogReg,biodeg,0.2,22042023_230909,LOCAL,ines,fearless-mule-488,4641b3fb03ab198aa67de33b2eb5e06d559d34e0,corrected,original,run_noiseinjection.py
de781f3e89774642b48082b0d90b04df,78,FINISHED,file:///mnt/c/Users/ineso/MEIC_22_23/rewriting-history/mlruns/78/de781f3e89774642b48082b0d90b04df/artifacts,2023-04-22 22:12:47.179000+00:00,2023-04-22 22:13:01.894000+00:00,0.8548387096774194,0.9412322274881516,0.16853932584269662,0.06164383561643835,0.6612903225806451,0.7393364928909952,0.002861230329041488,0.06621004566210043,0.0273972602739726,0.7677725118483413,0.1774193548387097,0.14516129032258066,0.3387096774193548,0.2403846153846154,0.07211538461538461,0.8844988092660748,0.8836721166593019,0.8225806451612904,0.10897435897435898,0.8578199052132701,0.2,Ordering-Based Correction,V29,0.2,balanced_bias,LogReg,biodeg,0.2,22042023_230909,LOCAL,ines,loud-pug-655,4641b3fb03ab198aa67de33b2eb5e06d559d34e0,noisy,corrected,run_noiseinjection.py
1bc77af94c0749ab99d41dced2fd7317,78,FINISHED,file:///mnt/c/Users/ineso/MEIC_22_23/rewriting-history/mlruns/78/1bc77af94c0749ab99d41dced2fd7317/artifacts,2023-04-22 22:12:32.157000+00:00,2023-04-22 22:12:46.789000+00:00,0.8548387096774194,0.9412322274881516,0.16853932584269662,0.06164383561643835,0.6612903225806451,0.7393364928909952,0.002861230329041488,0.06621004566210043,0.0273972602739726,0.7677725118483413,0.1774193548387097,0.14516129032258066,0.3387096774193548,0.2403846153846154,0.07211538461538461,0.8844988092660748,0.8836721166593019,0.8225806451612904,0.10897435897435898,0.8578199052132701,0.2,Ordering-Based Correction,V29,0.2,balanced_bias,LogReg,biodeg,0.2,22042023_230909,LOCAL,ines,burly-goose-444,4641b3fb03ab198aa67de33b2eb5e06d559d34e0,noisy,noisy,run_noiseinjection.py
1002aaa90cea4103a2c8e20915b08723,78,FINISHED,file:///mnt/c/Users/ineso/MEIC_22_23/rewriting-history/mlruns/78/1002aaa90cea4103a2c8e20915b08723/artifacts,2023-04-22 22:12:17.126000+00:00,2023-04-22 22:12:31.788000+00:00,0.8870967741935484,0.9412322274881516,0.16853932584269662,0.11643835616438356,0.7419354838709677,0.8056872037914692,0.002861230329041488,0.045662100456621,0.06164383561643835,0.7630331753554502,0.4838709677419355,0.11290322580645161,0.25806451612903225,0.30288461538461536,0.1875,0.8850400519592986,0.8837825894829873,0.5161290322580645,0.13301282051282054,0.8436018957345972,0.2,Ordering-Based Correction,V29,0.2,balanced_bias,LogReg,biodeg,0.2,22042023_230909,LOCAL,ines,magnificent-lark-573,4641b3fb03ab198aa67de33b2eb5e06d559d34e0,noisy,original,run_noiseinjection.py
a62e0a305ffd482abe6711035b7332ac,78,FINISHED,file:///mnt/c/Users/ineso/MEIC_22_23/rewriting-history/mlruns/78/a62e0a305ffd482abe6711035b7332ac/artifacts,2023-04-22 22:12:01.260000+00:00,2023-04-22 22:12:16.720000+00:00,0.8591549295774648,0.9412322274881516,0.16853932584269662,0.0364963503649635,0.6338028169014085,0.7251184834123223,0.002861230329041488,0.10705596107055959,0.0072992700729927005,0.8009478672985783,0.19718309859154928,0.14084507042253522,0.36619718309859156,0.2403846153846154,0.07211538461538461,0.9072434607645875,0.9069600082245297,0.8028169014084507,0.10897435897435898,0.8530805687203792,0.2,Ordering-Based Correction,V29,0.2,balanced_bias,LogReg,biodeg,0.2,22042023_230909,LOCAL,ines,big-vole-870,4641b3fb03ab198aa67de33b2eb5e06d559d34e0,original,corrected,run_noiseinjection.py
9de51a1af6374f64a8f7d32041c43733,78,FINISHED,file:///mnt/c/Users/ineso/MEIC_22_23/rewriting-history/mlruns/78/9de51a1af6374f64a8f7d32041c43733/artifacts,2023-04-22 22:11:45.150000+00:00,2023-04-22 22:12:00.853000+00:00,0.8591549295774648,0.9412322274881516,0.16853932584269662,0.0364963503649635,0.6338028169014085,0.7251184834123223,0.002861230329041488,0.10705596107055959,0.0072992700729927005,0.8009478672985783,0.19718309859154928,0.14084507042253522,0.36619718309859156,0.2403846153846154,0.07211538461538461,0.9072434607645875,0.9069600082245297,0.8028169014084507,0.10897435897435898,0.8530805687203792,0.2,Ordering-Based Correction,V29,0.2,balanced_bias,LogReg,biodeg,0.2,22042023_230909,LOCAL,ines,likeable-carp-747,4641b3fb03ab198aa67de33b2eb5e06d559d34e0,original,noisy,run_noiseinjection.py
f413f3ed1a1f43eaadca1d6032ee56c8,78,FINISHED,file:///mnt/c/Users/ineso/MEIC_22_23/rewriting-history/mlruns/78/f413f3ed1a1f43eaadca1d6032ee56c8/artifacts,2023-04-22 22:11:29.519000+00:00,2023-04-22 22:11:44.756000+00:00,0.9014084507042254,0.9412322274881516,0.16853932584269662,0.08029197080291971,0.7323943661971831,0.8009478672985783,0.002861230329041488,0.09245742092457418,0.0364963503649635,0.8056872037914692,0.4788732394366197,0.09859154929577464,0.2676056338028169,0.30288461538461536,0.1875,0.9160965794768612,0.9152873445049861,0.5211267605633803,0.13301282051282054,0.8578199052132701,0.2,Ordering-Based Correction,V29,0.2,balanced_bias,LogReg,biodeg,0.2,22042023_230909,LOCAL,ines,wistful-vole-150,4641b3fb03ab198aa67de33b2eb5e06d559d34e0,original,original,run_noiseinjection.py
5ea7ce32cc4a42c08a5f6ac4fb276c48,78,FINISHED,file:///mnt/c/Users/ineso/MEIC_22_23/rewriting-history/mlruns/78/5ea7ce32cc4a42c08a5f6ac4fb276c48/artifacts,2023-04-22 22:11:12.800000+00:00,2023-04-22 22:11:28.439000+00:00,0.8507462686567164,0.9725118483412323,0.07865168539325842,0.07092198581560284,0.6865671641791045,0.7535545023696683,0.001430615164520744,0.05673758865248224,0.02127659574468085,0.7630331753554502,0.26865671641791045,0.14925373134328357,0.31343283582089554,0.2692307692307692,0.10096153846153846,0.8932421227197347,0.8925584841748703,0.7313432835820896,0.12820512820512825,0.8530805687203792,0.2,Ordering-Based Correction,V29,0.2,balanced_bias,LogReg,biodeg,0.1,22042023_230909,LOCAL,ines,hilarious-wasp-545,4641b3fb03ab198aa67de33b2eb5e06d559d34e0,corrected,corrected,run_noiseinjection.py
1a6316f184dc4075adb86c95d29dbfe8,78,FINISHED,file:///mnt/c/Users/ineso/MEIC_22_23/rewriting-history/mlruns/78/1a6316f184dc4075adb86c95d29dbfe8/artifacts,2023-04-22 22:10:56.704000+00:00,2023-04-22 22:11:12.414000+00:00,0.8507462686567164,0.9725118483412323,0.07865168539325842,0.07092198581560284,0.6865671641791045,0.7535545023696683,0.001430615164520744,0.05673758865248224,0.02127659574468085,0.7630331753554502,0.26865671641791045,0.14925373134328357,0.31343283582089554,0.2692307692307692,0.10096153846153846,0.8932421227197347,0.8925584841748703,0.7313432835820896,0.12820512820512825,0.8530805687203792,0.2,Ordering-Based Correction,V29,0.2,balanced_bias,LogReg,biodeg,0.1,22042023_230909,LOCAL,ines,bright-quail-818,4641b3fb03ab198aa67de33b2eb5e06d559d34e0,corrected,noisy,run_noiseinjection.py
fb4da662382643bc9d4066b06a5a51b6,78,FINISHED,file:///mnt/c/Users/ineso/MEIC_22_23/rewriting-history/mlruns/78/fb4da662382643bc9d4066b06a5a51b6/artifacts,2023-04-22 22:10:41.450000+00:00,2023-04-22 22:10:56.288000+00:00,0.8955223880597015,0.9725118483412323,0.07865168539325842,0.09929078014184398,0.7313432835820896,0.8009478672985783,0.001430615164520744,0.07092198581560283,0.04964539007092199,0.7867298578199052,0.47761194029850745,0.1044776119402985,0.26865671641791045,0.30288461538461536,0.1875,0.8998756218905472,0.8988038530750503,0.5223880597014925,0.13301282051282054,0.8483412322274881,0.2,Ordering-Based Correction,V29,0.2,balanced_bias,LogReg,biodeg,0.1,22042023_230909,LOCAL,ines,intrigued-conch-773,4641b3fb03ab198aa67de33b2eb5e06d559d34e0,corrected,original,run_noiseinjection.py
3f48fdee211842a4bbfe22ef2a7b4aef,78,FINISHED,file:///mnt/c/Users/ineso/MEIC_22_23/rewriting-history/mlruns/78/3f48fdee211842a4bbfe22ef2a7b4aef/artifacts,2023-04-22 22:10:26.452000+00:00,2023-04-22 22:10:41.062000+00:00,0.8507462686567164,0.9725118483412323,0.07865168539325842,0.07092198581560284,0.6865671641791045,0.7535545023696683,0.001430615164520744,0.05673758865248224,0.02127659574468085,0.7630331753554502,0.26865671641791045,0.14925373134328357,0.31343283582089554,0.2692307692307692,0.10096153846153846,0.8932421227197347,0.8925584841748703,0.7313432835820896,0.12820512820512825,0.8530805687203792,0.2,Ordering-Based Correction,V29,0.2,balanced_bias,LogReg,biodeg,0.1,22042023_230909,LOCAL,ines,fun-midge-142,4641b3fb03ab198aa67de33b2eb5e06d559d34e0,noisy,corrected,run_noiseinjection.py
50df6305a755468c82a35380b9581432,78,FINISHED,file:///mnt/c/Users/ineso/MEIC_22_23/rewriting-history/mlruns/78/50df6305a755468c82a35380b9581432/artifacts,2023-04-22 22:10:11.395000+00:00,2023-04-22 22:10:26.069000+00:00,0.8507462686567164,0.9725118483412323,0.07865168539325842,0.07092198581560284,0.6865671641791045,0.7535545023696683,0.001430615164520744,0.05673758865248224,0.02127659574468085,0.7630331753554502,0.26865671641791045,0.14925373134328357,0.31343283582089554,0.2692307692307692,0.10096153846153846,0.8932421227197347,0.8925584841748703,0.7313432835820896,0.12820512820512825,0.8530805687203792,0.2,Ordering-Based Correction,V29,0.2,balanced_bias,LogReg,biodeg,0.1,22042023_230909,LOCAL,ines,valuable-turtle-929,4641b3fb03ab198aa67de33b2eb5e06d559d34e0,noisy,noisy,run_noiseinjection.py
c86607063a95415a89a5e1c23fd8c696,78,FINISHED,file:///mnt/c/Users/ineso/MEIC_22_23/rewriting-history/mlruns/78/c86607063a95415a89a5e1c23fd8c696/artifacts,2023-04-22 22:09:56.426000+00:00,2023-04-22 22:10:11.017000+00:00,0.8955223880597015,0.9725118483412323,0.07865168539325842,0.09929078014184398,0.7313432835820896,0.8009478672985783,0.001430615164520744,0.07092198581560283,0.04964539007092199,0.7867298578199052,0.47761194029850745,0.1044776119402985,0.26865671641791045,0.30288461538461536,0.1875,0.8998756218905472,0.8988038530750503,0.5223880597014925,0.13301282051282054,0.8483412322274881,0.2,Ordering-Based Correction,V29,0.2,balanced_bias,LogReg,biodeg,0.1,22042023_230909,LOCAL,ines,learned-loon-366,4641b3fb03ab198aa67de33b2eb5e06d559d34e0,noisy,original,run_noiseinjection.py
16293f3482c1457ca3ff320de5393a8e,78,FINISHED,file:///mnt/c/Users/ineso/MEIC_22_23/rewriting-history/mlruns/78/16293f3482c1457ca3ff320de5393a8e/artifacts,2023-04-22 22:09:41.307000+00:00,2023-04-22 22:09:56.037000+00:00,0.8591549295774648,0.9725118483412323,0.07865168539325842,0.058394160583941604,0.676056338028169,0.7535545023696683,0.001430615164520744,0.07785888077858877,0.0072992700729927005,0.7819905213270142,0.28169014084507044,0.14084507042253522,0.323943661971831,0.2692307692307692,0.10096153846153846,0.9091549295774648,0.9088105273979644,0.7183098591549296,0.12820512820512825,0.8530805687203792,0.2,Ordering-Based Correction,V29,0.2,balanced_bias,LogReg,biodeg,0.1,22042023_230909,LOCAL,ines,sneaky-lynx-414,4641b3fb03ab198aa67de33b2eb5e06d559d34e0,original,corrected,run_noiseinjection.py
1d48f505e7f2480490dfedbe9489ce6d,78,FINISHED,file:///mnt/c/Users/ineso/MEIC_22_23/rewriting-history/mlruns/78/1d48f505e7f2480490dfedbe9489ce6d/artifacts,2023-04-22 22:09:26.433000+00:00,2023-04-22 22:09:40.941000+00:00,0.8591549295774648,0.9725118483412323,0.07865168539325842,0.058394160583941604,0.676056338028169,0.7535545023696683,0.001430615164520744,0.07785888077858877,0.0072992700729927005,0.7819905213270142,0.28169014084507044,0.14084507042253522,0.323943661971831,0.2692307692307692,0.10096153846153846,0.9091549295774648,0.9088105273979644,0.7183098591549296,0.12820512820512825,0.8530805687203792,0.2,Ordering-Based Correction,V29,0.2,balanced_bias,LogReg,biodeg,0.1,22042023_230909,LOCAL,ines,rambunctious-bat-265,4641b3fb03ab198aa67de33b2eb5e06d559d34e0,original,noisy,run_noiseinjection.py
36b044d5fbdf43dbb2d31f5f6eb3cf2a,78,FINISHED,file:///mnt/c/Users/ineso/MEIC_22_23/rewriting-history/mlruns/78/36b044d5fbdf43dbb2d31f5f6eb3cf2a/artifacts,2023-04-22 22:09:10.772000+00:00,2023-04-22 22:09:26.083000+00:00,0.9014084507042254,0.9725118483412323,0.07865168539325842,0.08029197080291971,0.7323943661971831,0.8009478672985783,0.001430615164520744,0.09245742092457418,0.0364963503649635,0.8056872037914692,0.4788732394366197,0.09859154929577464,0.2676056338028169,0.30288461538461536,0.1875,0.9160965794768612,0.9152873445049861,0.5211267605633803,0.13301282051282054,0.8578199052132701,0.2,Ordering-Based Correction,V29,0.2,balanced_bias,LogReg,biodeg,0.1,22042023_230909,LOCAL,ines,overjoyed-slug-911,4641b3fb03ab198aa67de33b2eb5e06d559d34e0,original,original,run_noiseinjection.py
