run_id,experiment_id,status,artifact_uri,start_time,end_time,metrics.equal_opportunity_difference_0.2,metrics.predictive_equality_difference_0.8,metrics.predictive_equality_difference_0.2,metrics.equalized_odds_difference_0.8,metrics.demographic_parity_difference_0.5,metrics.demographic_parity_difference_0.8,metrics.auc_difference,metrics.accuracy_0.5,metrics.demographic_parity_difference_0.2,metrics.accuracy_0.8,metrics.accuracy_0.2,metrics.roc_auc,metrics.equalized_odds_difference_0.5,metrics.equal_opportunity_difference_0.5,metrics.correction_acc,metrics.equalized_odds_difference_0.2,metrics.correction_fnr,metrics.correction_fpr,metrics.predictive_equality_difference_0.5,metrics.equal_opportunity_difference_0.8,params.classifier,params.noise_type,params.dataset,params.test_size,params.senstive_attr,params.noise_rate,params.correction_alg,tags.train_set,tags.mlflow.user,tags.mlflow.source.type,tags.mlflow.runName,tags.test_set,tags.mlflow.source.name,tags.mlflow.source.git.commit,tags.run
44218ed3b15e48a4aa2b8f9b1d2788cb,90,FINISHED,file:///mnt/c/Users/ineso/MEIC_22_23/rewriting-history/mlruns/90/44218ed3b15e48a4aa2b8f9b1d2788cb/artifacts,2023-05-24 17:44:43.114000+00:00,2023-05-24 17:45:07.702000+00:00,0.08373205741626794,0.025,0.3357142857142857,0.025,0.10564102564102568,0.02256410256410256,0.27231715652768274,0.796875,0.12769230769230766,0.609375,0.6484375,0.8318627450980391,0.3301435406698564,0.3301435406698565,0.8459119496855346,0.3357142857142857,0.0,0.23113207547169812,0.1357142857142857,0.0023923444976077235,LogReg,bias,sick,0.2,referral_source_other,0.5,Ordering-Based Correction,corrected,ines,LOCAL,suave-fish-534,corrected,run_noiseinjection.py,31e2b9f6dd77383e72879bcb024a1f1dfab65336,24052023_182619
010c333ab21a46068bc5a60ae5a7c348,90,FINISHED,file:///mnt/c/Users/ineso/MEIC_22_23/rewriting-history/mlruns/90/010c333ab21a46068bc5a60ae5a7c348/artifacts,2023-05-24 17:44:18.395000+00:00,2023-05-24 17:44:42.480000+00:00,0.08373205741626794,0.025,0.3357142857142857,0.025,0.10564102564102568,0.02256410256410256,0.27231715652768274,0.796875,0.12769230769230766,0.609375,0.6484375,0.8318627450980391,0.3301435406698564,0.3301435406698565,0.8459119496855346,0.3357142857142857,0.0,0.23113207547169812,0.1357142857142857,0.0023923444976077235,LogReg,bias,sick,0.2,referral_source_other,0.5,Ordering-Based Correction,noisy,ines,LOCAL,thundering-shad-400,corrected,run_noiseinjection.py,31e2b9f6dd77383e72879bcb024a1f1dfab65336,24052023_182619
c63cf0c1ea3a453ab44086ed5ea712af,90,FINISHED,file:///mnt/c/Users/ineso/MEIC_22_23/rewriting-history/mlruns/90/c63cf0c1ea3a453ab44086ed5ea712af/artifacts,2023-05-24 17:43:53.231000+00:00,2023-05-24 17:44:17.741000+00:00,0.7655502392344498,0.05,0.18928571428571428,0.5598086124401914,0.4471794871794872,0.3005128205128205,0.25503246753246755,0.765625,0.4769230769230769,0.703125,0.765625,0.7833333333333334,0.777511961722488,0.777511961722488,0.8459119496855346,0.7655502392344498,0.0,0.23113207547169812,0.125,0.5598086124401914,LogReg,bias,sick,0.2,referral_source_other,0.5,Ordering-Based Correction,original,ines,LOCAL,amazing-steed-82,corrected,run_noiseinjection.py,31e2b9f6dd77383e72879bcb024a1f1dfab65336,24052023_182619
a48fc76882114fff9f9889905684e762,90,FINISHED,file:///mnt/c/Users/ineso/MEIC_22_23/rewriting-history/mlruns/90/a48fc76882114fff9f9889905684e762/artifacts,2023-05-24 17:43:28.411000+00:00,2023-05-24 17:43:52.598000+00:00,0.08373205741626794,0.025,0.3357142857142857,0.025,0.10564102564102568,0.02256410256410256,0.27231715652768274,0.796875,0.12769230769230766,0.609375,0.6484375,0.8318627450980391,0.3301435406698564,0.3301435406698565,0.8459119496855346,0.3357142857142857,0.0,0.23113207547169812,0.1357142857142857,0.0023923444976077235,LogReg,bias,sick,0.2,referral_source_other,0.5,Ordering-Based Correction,corrected,ines,LOCAL,charming-toad-153,noisy,run_noiseinjection.py,31e2b9f6dd77383e72879bcb024a1f1dfab65336,24052023_182619
bf31c6a2d05d4db48f17f4af623cff0a,90,FINISHED,file:///mnt/c/Users/ineso/MEIC_22_23/rewriting-history/mlruns/90/bf31c6a2d05d4db48f17f4af623cff0a/artifacts,2023-05-24 17:43:03.258000+00:00,2023-05-24 17:43:27.741000+00:00,0.08373205741626794,0.025,0.3357142857142857,0.025,0.10564102564102568,0.02256410256410256,0.27231715652768274,0.796875,0.12769230769230766,0.609375,0.6484375,0.8318627450980391,0.3301435406698564,0.3301435406698565,0.8459119496855346,0.3357142857142857,0.0,0.23113207547169812,0.1357142857142857,0.0023923444976077235,LogReg,bias,sick,0.2,referral_source_other,0.5,Ordering-Based Correction,noisy,ines,LOCAL,bouncy-seal-775,noisy,run_noiseinjection.py,31e2b9f6dd77383e72879bcb024a1f1dfab65336,24052023_182619
e50796f486c14b468ae07b2d4c7b73ee,90,FINISHED,file:///mnt/c/Users/ineso/MEIC_22_23/rewriting-history/mlruns/90/e50796f486c14b468ae07b2d4c7b73ee/artifacts,2023-05-24 17:42:38.506000+00:00,2023-05-24 17:43:02.598000+00:00,0.7655502392344498,0.05,0.18928571428571428,0.5598086124401914,0.4471794871794872,0.3005128205128205,0.25503246753246755,0.765625,0.4769230769230769,0.703125,0.765625,0.7833333333333334,0.777511961722488,0.777511961722488,0.8459119496855346,0.7655502392344498,0.0,0.23113207547169812,0.125,0.5598086124401914,LogReg,bias,sick,0.2,referral_source_other,0.5,Ordering-Based Correction,original,ines,LOCAL,illustrious-lark-70,noisy,run_noiseinjection.py,31e2b9f6dd77383e72879bcb024a1f1dfab65336,24052023_182619
fa1e43f370a44c56aaa17d42a1cc06f4,90,FINISHED,file:///mnt/c/Users/ineso/MEIC_22_23/rewriting-history/mlruns/90/fa1e43f370a44c56aaa17d42a1cc06f4/artifacts,2023-05-24 17:42:13.800000+00:00,2023-05-24 17:42:37.845000+00:00,0.05263157894736842,0.0027777777777777783,0.35000000000000003,0.4157894736842105,0.10564102564102568,0.02256410256410256,0.002865497076023349,0.8046875,0.12769230769230766,0.7265625,0.5625,0.8774281805745554,0.20555555555555557,0.07894736842105263,0.8459119496855346,0.35000000000000003,0.0,0.23113207547169812,0.20555555555555557,0.4157894736842105,LogReg,bias,sick,0.2,referral_source_other,0.5,Ordering-Based Correction,corrected,ines,LOCAL,efficient-bass-627,original,run_noiseinjection.py,31e2b9f6dd77383e72879bcb024a1f1dfab65336,24052023_182619
4b5409c1fc364c4fb15d68b95cd6cd98,90,FINISHED,file:///mnt/c/Users/ineso/MEIC_22_23/rewriting-history/mlruns/90/4b5409c1fc364c4fb15d68b95cd6cd98/artifacts,2023-05-24 17:41:48.653000+00:00,2023-05-24 17:42:13.164000+00:00,0.05263157894736842,0.0027777777777777783,0.35000000000000003,0.4157894736842105,0.10564102564102568,0.02256410256410256,0.002865497076023349,0.8046875,0.12769230769230766,0.7265625,0.5625,0.8774281805745554,0.20555555555555557,0.07894736842105263,0.8459119496855346,0.35000000000000003,0.0,0.23113207547169812,0.20555555555555557,0.4157894736842105,LogReg,bias,sick,0.2,referral_source_other,0.5,Ordering-Based Correction,noisy,ines,LOCAL,judicious-cub-193,original,run_noiseinjection.py,31e2b9f6dd77383e72879bcb024a1f1dfab65336,24052023_182619
48b2c8981436423082588237d8bfd85c,90,FINISHED,file:///mnt/c/Users/ineso/MEIC_22_23/rewriting-history/mlruns/90/48b2c8981436423082588237d8bfd85c/artifacts,2023-05-24 17:41:23.674000+00:00,2023-05-24 17:41:47.991000+00:00,0.1473684210526316,0.05,0.20277777777777778,0.4052631578947368,0.4471794871794872,0.3005128205128205,-0.06527777777777777,0.8984375,0.4769230769230769,0.8359375,0.8984375,0.9450068399452805,0.46842105263157896,0.46842105263157896,0.8459119496855346,0.20277777777777778,0.0,0.23113207547169812,0.125,0.4052631578947369,LogReg,bias,sick,0.2,referral_source_other,0.5,Ordering-Based Correction,original,ines,LOCAL,luminous-ox-247,original,run_noiseinjection.py,31e2b9f6dd77383e72879bcb024a1f1dfab65336,24052023_182619
15459abdb5804d10a468291a389a3321,90,FINISHED,file:///mnt/c/Users/ineso/MEIC_22_23/rewriting-history/mlruns/90/15459abdb5804d10a468291a389a3321/artifacts,2023-05-24 17:40:58.083000+00:00,2023-05-24 17:41:22.741000+00:00,0.19736842105263158,0.05,0.22647058823529415,0.08552631578947367,0.19282051282051277,0.08820512820512819,0.21460913312693497,0.8125,0.007692307692307665,0.640625,0.6328125,0.8490990990990991,0.33223684210526316,0.33223684210526316,0.8836477987421384,0.22647058823529415,0.0,0.17452830188679244,0.055882352941176466,0.08552631578947367,LogReg,bias,sick,0.2,referral_source_other,0.4,Ordering-Based Correction,corrected,ines,LOCAL,welcoming-sow-394,corrected,run_noiseinjection.py,31e2b9f6dd77383e72879bcb024a1f1dfab65336,24052023_182619
6524b95ba4024dd986e3fa755e086336,90,FINISHED,file:///mnt/c/Users/ineso/MEIC_22_23/rewriting-history/mlruns/90/6524b95ba4024dd986e3fa755e086336/artifacts,2023-05-24 17:40:32.676000+00:00,2023-05-24 17:40:57.459000+00:00,0.19736842105263158,0.05,0.22647058823529415,0.08552631578947367,0.19282051282051277,0.08820512820512819,0.21460913312693497,0.8125,0.007692307692307665,0.640625,0.6328125,0.8490990990990991,0.33223684210526316,0.33223684210526316,0.8836477987421384,0.22647058823529415,0.0,0.17452830188679244,0.055882352941176466,0.08552631578947367,LogReg,bias,sick,0.2,referral_source_other,0.4,Ordering-Based Correction,noisy,ines,LOCAL,invincible-kit-93,corrected,run_noiseinjection.py,31e2b9f6dd77383e72879bcb024a1f1dfab65336,24052023_182619
92fa45134de148d482e81d25d714ef24,90,FINISHED,file:///mnt/c/Users/ineso/MEIC_22_23/rewriting-history/mlruns/90/92fa45134de148d482e81d25d714ef24/artifacts,2023-05-24 17:40:07.524000+00:00,2023-05-24 17:40:32.038000+00:00,0.6973684210526316,0.05,0.19558823529411765,0.5427631578947368,0.4471794871794872,0.3005128205128205,0.19742647058823526,0.8125,0.4769230769230769,0.75,0.8125,0.8375875875875876,0.743421052631579,0.743421052631579,0.8836477987421384,0.6973684210526315,0.0,0.17452830188679244,0.125,0.5427631578947368,LogReg,bias,sick,0.2,referral_source_other,0.4,Ordering-Based Correction,original,ines,LOCAL,wistful-mule-601,corrected,run_noiseinjection.py,31e2b9f6dd77383e72879bcb024a1f1dfab65336,24052023_182619
0758b985e5fb4c76bcdfbd3f16359b30,90,FINISHED,file:///mnt/c/Users/ineso/MEIC_22_23/rewriting-history/mlruns/90/0758b985e5fb4c76bcdfbd3f16359b30/artifacts,2023-05-24 17:39:42.387000+00:00,2023-05-24 17:40:06.862000+00:00,0.19736842105263158,0.05,0.22647058823529415,0.08552631578947367,0.19282051282051277,0.08820512820512819,0.21460913312693497,0.8125,0.007692307692307665,0.640625,0.6328125,0.8490990990990991,0.33223684210526316,0.33223684210526316,0.8836477987421384,0.22647058823529415,0.0,0.17452830188679244,0.055882352941176466,0.08552631578947367,LogReg,bias,sick,0.2,referral_source_other,0.4,Ordering-Based Correction,corrected,ines,LOCAL,thundering-dog-986,noisy,run_noiseinjection.py,31e2b9f6dd77383e72879bcb024a1f1dfab65336,24052023_182619
2cb13ac8afab4443b2df7444ea77c1e7,90,FINISHED,file:///mnt/c/Users/ineso/MEIC_22_23/rewriting-history/mlruns/90/2cb13ac8afab4443b2df7444ea77c1e7/artifacts,2023-05-24 17:39:17.565000+00:00,2023-05-24 17:39:41.735000+00:00,0.19736842105263158,0.05,0.22647058823529415,0.08552631578947367,0.19282051282051277,0.08820512820512819,0.21460913312693497,0.8125,0.007692307692307665,0.640625,0.6328125,0.8490990990990991,0.33223684210526316,0.33223684210526316,0.8836477987421384,0.22647058823529415,0.0,0.17452830188679244,0.055882352941176466,0.08552631578947367,LogReg,bias,sick,0.2,referral_source_other,0.4,Ordering-Based Correction,noisy,ines,LOCAL,caring-mule-340,noisy,run_noiseinjection.py,31e2b9f6dd77383e72879bcb024a1f1dfab65336,24052023_182619
477ab1d48e5043dbaf91dfd4ed1c1e87,90,FINISHED,file:///mnt/c/Users/ineso/MEIC_22_23/rewriting-history/mlruns/90/477ab1d48e5043dbaf91dfd4ed1c1e87/artifacts,2023-05-24 17:38:52.692000+00:00,2023-05-24 17:39:16.913000+00:00,0.6973684210526316,0.05,0.19558823529411765,0.5427631578947368,0.4471794871794872,0.3005128205128205,0.19742647058823526,0.8125,0.4769230769230769,0.75,0.8125,0.8375875875875876,0.743421052631579,0.743421052631579,0.8836477987421384,0.6973684210526315,0.0,0.17452830188679244,0.125,0.5427631578947368,LogReg,bias,sick,0.2,referral_source_other,0.4,Ordering-Based Correction,original,ines,LOCAL,trusting-fly-723,noisy,run_noiseinjection.py,31e2b9f6dd77383e72879bcb024a1f1dfab65336,24052023_182619
5611c630fde443778b129741669878fb,90,FINISHED,file:///mnt/c/Users/ineso/MEIC_22_23/rewriting-history/mlruns/90/5611c630fde443778b129741669878fb/artifacts,2023-05-24 17:38:28.057000+00:00,2023-05-24 17:38:52.038000+00:00,0.05263157894736842,0.05,0.21666666666666662,0.18947368421052635,0.19282051282051277,0.08820512820512819,-0.024941520467836265,0.8359375,0.007692307692307665,0.7265625,0.609375,0.9034199726402188,0.10526315789473684,0.10526315789473684,0.8836477987421384,0.21666666666666662,0.0,0.17452830188679244,0.09444444444444444,0.18947368421052635,LogReg,bias,sick,0.2,referral_source_other,0.4,Ordering-Based Correction,corrected,ines,LOCAL,skillful-cat-308,original,run_noiseinjection.py,31e2b9f6dd77383e72879bcb024a1f1dfab65336,24052023_182619
f6b906c888484a669eb9d1d5d23bc46a,90,FINISHED,file:///mnt/c/Users/ineso/MEIC_22_23/rewriting-history/mlruns/90/f6b906c888484a669eb9d1d5d23bc46a/artifacts,2023-05-24 17:38:02.898000+00:00,2023-05-24 17:38:27.398000+00:00,0.05263157894736842,0.05,0.21666666666666662,0.18947368421052635,0.19282051282051277,0.08820512820512819,-0.024941520467836265,0.8359375,0.007692307692307665,0.7265625,0.609375,0.9034199726402188,0.10526315789473684,0.10526315789473684,0.8836477987421384,0.21666666666666662,0.0,0.17452830188679244,0.09444444444444444,0.18947368421052635,LogReg,bias,sick,0.2,referral_source_other,0.4,Ordering-Based Correction,noisy,ines,LOCAL,luminous-toad-520,original,run_noiseinjection.py,31e2b9f6dd77383e72879bcb024a1f1dfab65336,24052023_182619
d73d8bf8cdcb4ccbbc3a46d0ea6d2187,90,FINISHED,file:///mnt/c/Users/ineso/MEIC_22_23/rewriting-history/mlruns/90/d73d8bf8cdcb4ccbbc3a46d0ea6d2187/artifacts,2023-05-24 17:37:37.564000+00:00,2023-05-24 17:38:02.224000+00:00,0.1473684210526316,0.05,0.20277777777777778,0.4052631578947368,0.4471794871794872,0.3005128205128205,-0.06527777777777777,0.8984375,0.4769230769230769,0.8359375,0.8984375,0.9450068399452805,0.46842105263157896,0.46842105263157896,0.8836477987421384,0.20277777777777778,0.0,0.17452830188679244,0.125,0.4052631578947369,LogReg,bias,sick,0.2,referral_source_other,0.4,Ordering-Based Correction,original,ines,LOCAL,redolent-calf-82,original,run_noiseinjection.py,31e2b9f6dd77383e72879bcb024a1f1dfab65336,24052023_182619
205e5069de57450a89598874881e6aa1,90,FINISHED,file:///mnt/c/Users/ineso/MEIC_22_23/rewriting-history/mlruns/90/205e5069de57450a89598874881e6aa1/artifacts,2023-05-24 17:37:12.592000+00:00,2023-05-24 17:37:36.641000+00:00,0.11403508771929824,0.05,0.006578947368421073,0.07017543859649122,0.31282051282051276,0.10102564102564102,0.11249999999999993,0.84375,0.17384615384615387,0.6796875,0.7421875,0.8912820512820513,0.39473684210526316,0.39473684210526316,0.9213836477987422,0.11403508771929816,0.0,0.1179245283018868,0.04473684210526316,0.07017543859649122,LogReg,bias,sick,0.2,referral_source_other,0.3,Ordering-Based Correction,corrected,ines,LOCAL,clean-sow-556,corrected,run_noiseinjection.py,31e2b9f6dd77383e72879bcb024a1f1dfab65336,24052023_182619
e47dfdeb04f74904bbd5ae862d9fb30f,90,FINISHED,file:///mnt/c/Users/ineso/MEIC_22_23/rewriting-history/mlruns/90/e47dfdeb04f74904bbd5ae862d9fb30f/artifacts,2023-05-24 17:36:47.816000+00:00,2023-05-24 17:37:11.995000+00:00,0.11403508771929824,0.05,0.006578947368421073,0.07017543859649122,0.31282051282051276,0.10102564102564102,0.11249999999999993,0.84375,0.17384615384615387,0.6796875,0.7421875,0.8912820512820513,0.39473684210526316,0.39473684210526316,0.9213836477987422,0.11403508771929816,0.0,0.1179245283018868,0.04473684210526316,0.07017543859649122,LogReg,bias,sick,0.2,referral_source_other,0.3,Ordering-Based Correction,noisy,ines,LOCAL,unleashed-donkey-244,corrected,run_noiseinjection.py,31e2b9f6dd77383e72879bcb024a1f1dfab65336,24052023_182619
6b67d0604c514700baaa7909bc9e50c4,90,FINISHED,file:///mnt/c/Users/ineso/MEIC_22_23/rewriting-history/mlruns/90/6b67d0604c514700baaa7909bc9e50c4/artifacts,2023-05-24 17:36:22.691000+00:00,2023-05-24 17:36:47.168000+00:00,0.6140350877192982,0.05,0.1986842105263158,0.5219298245614035,0.4471794871794872,0.3005128205128205,0.11644736842105263,0.84375,0.4769230769230769,0.78125,0.84375,0.8828205128205128,0.7017543859649124,0.7017543859649124,0.9213836477987422,0.6140350877192982,0.0,0.1179245283018868,0.125,0.5219298245614035,LogReg,bias,sick,0.2,referral_source_other,0.3,Ordering-Based Correction,original,ines,LOCAL,bemused-deer-939,corrected,run_noiseinjection.py,31e2b9f6dd77383e72879bcb024a1f1dfab65336,24052023_182619
5709b4192bd64d99a4a56bd307302ef6,90,FINISHED,file:///mnt/c/Users/ineso/MEIC_22_23/rewriting-history/mlruns/90/5709b4192bd64d99a4a56bd307302ef6/artifacts,2023-05-24 17:35:57.596000+00:00,2023-05-24 17:36:22.041000+00:00,0.11403508771929824,0.05,0.006578947368421073,0.07017543859649122,0.31282051282051276,0.10102564102564102,0.11249999999999993,0.84375,0.17384615384615387,0.6796875,0.7421875,0.8912820512820513,0.39473684210526316,0.39473684210526316,0.9213836477987422,0.11403508771929816,0.0,0.1179245283018868,0.04473684210526316,0.07017543859649122,LogReg,bias,sick,0.2,referral_source_other,0.3,Ordering-Based Correction,corrected,ines,LOCAL,lyrical-shoat-891,noisy,run_noiseinjection.py,31e2b9f6dd77383e72879bcb024a1f1dfab65336,24052023_182619
f1c6fc0c153f4ecca2f645edf84580c7,90,FINISHED,file:///mnt/c/Users/ineso/MEIC_22_23/rewriting-history/mlruns/90/f1c6fc0c153f4ecca2f645edf84580c7/artifacts,2023-05-24 17:35:32.708000+00:00,2023-05-24 17:35:56.943000+00:00,0.11403508771929824,0.05,0.006578947368421073,0.07017543859649122,0.31282051282051276,0.10102564102564102,0.11249999999999993,0.84375,0.17384615384615387,0.6796875,0.7421875,0.8912820512820513,0.39473684210526316,0.39473684210526316,0.9213836477987422,0.11403508771929816,0.0,0.1179245283018868,0.04473684210526316,0.07017543859649122,LogReg,bias,sick,0.2,referral_source_other,0.3,Ordering-Based Correction,noisy,ines,LOCAL,marvelous-eel-747,noisy,run_noiseinjection.py,31e2b9f6dd77383e72879bcb024a1f1dfab65336,24052023_182619
72d44440a5f945588b1c913cb7d06f90,90,FINISHED,file:///mnt/c/Users/ineso/MEIC_22_23/rewriting-history/mlruns/90/72d44440a5f945588b1c913cb7d06f90/artifacts,2023-05-24 17:35:07.547000+00:00,2023-05-24 17:35:32.061000+00:00,0.6140350877192982,0.05,0.1986842105263158,0.5219298245614035,0.4471794871794872,0.3005128205128205,0.11644736842105263,0.84375,0.4769230769230769,0.78125,0.84375,0.8828205128205128,0.7017543859649124,0.7017543859649124,0.9213836477987422,0.6140350877192982,0.0,0.1179245283018868,0.125,0.5219298245614035,LogReg,bias,sick,0.2,referral_source_other,0.3,Ordering-Based Correction,original,ines,LOCAL,abundant-pug-505,noisy,run_noiseinjection.py,31e2b9f6dd77383e72879bcb024a1f1dfab65336,24052023_182619
0836c5c941c84275b6488f48d8bb66c8,90,FINISHED,file:///mnt/c/Users/ineso/MEIC_22_23/rewriting-history/mlruns/90/0836c5c941c84275b6488f48d8bb66c8/artifacts,2023-05-24 17:34:41.845000+00:00,2023-05-24 17:35:06.883000+00:00,0.05263157894736842,0.05,0.04722222222222222,0.16315789473684214,0.31282051282051276,0.10102564102564102,-0.07366959064327483,0.8828125,0.17384615384615387,0.734375,0.71875,0.9291381668946648,0.10526315789473684,0.10526315789473684,0.9213836477987422,0.052631578947368474,0.0,0.1179245283018868,0.03888888888888889,0.16315789473684217,LogReg,bias,sick,0.2,referral_source_other,0.3,Ordering-Based Correction,corrected,ines,LOCAL,placid-shoat-844,original,run_noiseinjection.py,31e2b9f6dd77383e72879bcb024a1f1dfab65336,24052023_182619
66f3adf9fb7648e1a8e08cbb39195064,90,FINISHED,file:///mnt/c/Users/ineso/MEIC_22_23/rewriting-history/mlruns/90/66f3adf9fb7648e1a8e08cbb39195064/artifacts,2023-05-24 17:34:16.599000+00:00,2023-05-24 17:34:41.198000+00:00,0.05263157894736842,0.05,0.04722222222222222,0.16315789473684214,0.31282051282051276,0.10102564102564102,-0.07366959064327483,0.8828125,0.17384615384615387,0.734375,0.71875,0.9291381668946648,0.10526315789473684,0.10526315789473684,0.9213836477987422,0.052631578947368474,0.0,0.1179245283018868,0.03888888888888889,0.16315789473684217,LogReg,bias,sick,0.2,referral_source_other,0.3,Ordering-Based Correction,noisy,ines,LOCAL,brawny-shrike-860,original,run_noiseinjection.py,31e2b9f6dd77383e72879bcb024a1f1dfab65336,24052023_182619
51c8912e842e4185be130ef70cd55f18,90,FINISHED,file:///mnt/c/Users/ineso/MEIC_22_23/rewriting-history/mlruns/90/51c8912e842e4185be130ef70cd55f18/artifacts,2023-05-24 17:33:51.375000+00:00,2023-05-24 17:34:15.924000+00:00,0.1473684210526316,0.05,0.20277777777777778,0.4052631578947368,0.4471794871794872,0.3005128205128205,-0.06527777777777777,0.8984375,0.4769230769230769,0.8359375,0.8984375,0.9450068399452805,0.46842105263157896,0.46842105263157896,0.9213836477987422,0.20277777777777778,0.0,0.1179245283018868,0.125,0.4052631578947369,LogReg,bias,sick,0.2,referral_source_other,0.3,Ordering-Based Correction,original,ines,LOCAL,treasured-whale-14,original,run_noiseinjection.py,31e2b9f6dd77383e72879bcb024a1f1dfab65336,24052023_182619
15cabee9c35940a997d33f040e2104ef,90,FINISHED,file:///mnt/c/Users/ineso/MEIC_22_23/rewriting-history/mlruns/90/15cabee9c35940a997d33f040e2104ef/artifacts,2023-05-24 17:33:25.883000+00:00,2023-05-24 17:33:50.434000+00:00,0.19736842105263158,0.05,0.06428571428571428,0.11842105263157893,0.38,0.1651282051282051,0.1278195488721805,0.8828125,0.2810256410256411,0.75,0.765625,0.8995227995758218,0.39473684210526316,0.39473684210526316,0.9512578616352201,0.19736842105263153,0.0,0.07311320754716981,0.07738095238095238,0.11842105263157898,LogReg,bias,sick,0.2,referral_source_other,0.2,Ordering-Based Correction,corrected,ines,LOCAL,illustrious-bee-824,corrected,run_noiseinjection.py,31e2b9f6dd77383e72879bcb024a1f1dfab65336,24052023_182619
96b8eea7701645e4845db8d2769843f2,90,FINISHED,file:///mnt/c/Users/ineso/MEIC_22_23/rewriting-history/mlruns/90/96b8eea7701645e4845db8d2769843f2/artifacts,2023-05-24 17:33:00.371000+00:00,2023-05-24 17:33:25.201000+00:00,0.19736842105263158,0.05,0.06428571428571428,0.11842105263157893,0.38,0.1651282051282051,0.1278195488721805,0.8828125,0.2810256410256411,0.75,0.765625,0.8995227995758218,0.39473684210526316,0.39473684210526316,0.9512578616352201,0.19736842105263153,0.0,0.07311320754716981,0.07738095238095238,0.11842105263157898,LogReg,bias,sick,0.2,referral_source_other,0.2,Ordering-Based Correction,noisy,ines,LOCAL,receptive-swan-533,corrected,run_noiseinjection.py,31e2b9f6dd77383e72879bcb024a1f1dfab65336,24052023_182619
1bef2ea6ad334bcf903fedbd9f93112c,90,FINISHED,file:///mnt/c/Users/ineso/MEIC_22_23/rewriting-history/mlruns/90/1bef2ea6ad334bcf903fedbd9f93112c/artifacts,2023-05-24 17:32:35.074000+00:00,2023-05-24 17:32:59.676000+00:00,0.4473684210526316,0.05,0.2011904761904762,0.48026315789473684,0.4471794871794872,0.3005128205128205,0.15357142857142858,0.875,0.4769230769230769,0.8125,0.875,0.9008483563096501,0.618421052631579,0.618421052631579,0.9512578616352201,0.4473684210526315,0.0,0.07311320754716981,0.125,0.48026315789473684,LogReg,bias,sick,0.2,referral_source_other,0.2,Ordering-Based Correction,original,ines,LOCAL,fearless-mule-488,corrected,run_noiseinjection.py,31e2b9f6dd77383e72879bcb024a1f1dfab65336,24052023_182619
64d40daabe38438d916dc6a23b802124,90,FINISHED,file:///mnt/c/Users/ineso/MEIC_22_23/rewriting-history/mlruns/90/64d40daabe38438d916dc6a23b802124/artifacts,2023-05-24 17:32:10.075000+00:00,2023-05-24 17:32:34.456000+00:00,0.19736842105263158,0.05,0.06428571428571428,0.11842105263157893,0.38,0.1651282051282051,0.1278195488721805,0.8828125,0.2810256410256411,0.75,0.765625,0.8995227995758218,0.39473684210526316,0.39473684210526316,0.9512578616352201,0.19736842105263153,0.0,0.07311320754716981,0.07738095238095238,0.11842105263157898,LogReg,bias,sick,0.2,referral_source_other,0.2,Ordering-Based Correction,corrected,ines,LOCAL,loud-pug-655,noisy,run_noiseinjection.py,31e2b9f6dd77383e72879bcb024a1f1dfab65336,24052023_182619
935479d41eee4ee09c707c9e7454641e,90,FINISHED,file:///mnt/c/Users/ineso/MEIC_22_23/rewriting-history/mlruns/90/935479d41eee4ee09c707c9e7454641e/artifacts,2023-05-24 17:31:44.597000+00:00,2023-05-24 17:32:09.419000+00:00,0.19736842105263158,0.05,0.06428571428571428,0.11842105263157893,0.38,0.1651282051282051,0.1278195488721805,0.8828125,0.2810256410256411,0.75,0.765625,0.8995227995758218,0.39473684210526316,0.39473684210526316,0.9512578616352201,0.19736842105263153,0.0,0.07311320754716981,0.07738095238095238,0.11842105263157898,LogReg,bias,sick,0.2,referral_source_other,0.2,Ordering-Based Correction,noisy,ines,LOCAL,burly-goose-444,noisy,run_noiseinjection.py,31e2b9f6dd77383e72879bcb024a1f1dfab65336,24052023_182619
28ae881e0f5e4e8f822b4a6cb4be33d7,90,FINISHED,file:///mnt/c/Users/ineso/MEIC_22_23/rewriting-history/mlruns/90/28ae881e0f5e4e8f822b4a6cb4be33d7/artifacts,2023-05-24 17:31:19.383000+00:00,2023-05-24 17:31:43.942000+00:00,0.4473684210526316,0.05,0.2011904761904762,0.48026315789473684,0.4471794871794872,0.3005128205128205,0.15357142857142858,0.875,0.4769230769230769,0.8125,0.875,0.9008483563096501,0.618421052631579,0.618421052631579,0.9512578616352201,0.4473684210526315,0.0,0.07311320754716981,0.125,0.48026315789473684,LogReg,bias,sick,0.2,referral_source_other,0.2,Ordering-Based Correction,original,ines,LOCAL,magnificent-lark-573,noisy,run_noiseinjection.py,31e2b9f6dd77383e72879bcb024a1f1dfab65336,24052023_182619
65e6d06e8388498db8a5c4024e935c70,90,FINISHED,file:///mnt/c/Users/ineso/MEIC_22_23/rewriting-history/mlruns/90/65e6d06e8388498db8a5c4024e935c70/artifacts,2023-05-24 17:30:54.364000+00:00,2023-05-24 17:31:18.699000+00:00,0.05263157894736842,0.05,0.061111111111111116,0.05,0.38,0.1651282051282051,-0.08650584795321636,0.90625,0.2810256410256411,0.7734375,0.7734375,0.9354309165526675,0.09473684210526312,0.09473684210526317,0.9512578616352201,0.061111111111111116,0.0,0.07311320754716981,0.08055555555555555,0.03157894736842104,LogReg,bias,sick,0.2,referral_source_other,0.2,Ordering-Based Correction,corrected,ines,LOCAL,big-vole-870,original,run_noiseinjection.py,31e2b9f6dd77383e72879bcb024a1f1dfab65336,24052023_182619
8acd4262f9814a3aa307c77b2806c242,90,FINISHED,file:///mnt/c/Users/ineso/MEIC_22_23/rewriting-history/mlruns/90/8acd4262f9814a3aa307c77b2806c242/artifacts,2023-05-24 17:30:29.007000+00:00,2023-05-24 17:30:53.691000+00:00,0.05263157894736842,0.05,0.061111111111111116,0.05,0.38,0.1651282051282051,-0.08650584795321636,0.90625,0.2810256410256411,0.7734375,0.7734375,0.9354309165526675,0.09473684210526312,0.09473684210526317,0.9512578616352201,0.061111111111111116,0.0,0.07311320754716981,0.08055555555555555,0.03157894736842104,LogReg,bias,sick,0.2,referral_source_other,0.2,Ordering-Based Correction,noisy,ines,LOCAL,likeable-carp-747,original,run_noiseinjection.py,31e2b9f6dd77383e72879bcb024a1f1dfab65336,24052023_182619
808cd03693c64760ad03a2b95d34ff46,90,FINISHED,file:///mnt/c/Users/ineso/MEIC_22_23/rewriting-history/mlruns/90/808cd03693c64760ad03a2b95d34ff46/artifacts,2023-05-24 17:30:04.127000+00:00,2023-05-24 17:30:28.342000+00:00,0.1473684210526316,0.05,0.20277777777777778,0.4052631578947368,0.4471794871794872,0.3005128205128205,-0.06527777777777777,0.8984375,0.4769230769230769,0.8359375,0.8984375,0.9450068399452805,0.46842105263157896,0.46842105263157896,0.9512578616352201,0.20277777777777778,0.0,0.07311320754716981,0.125,0.4052631578947369,LogReg,bias,sick,0.2,referral_source_other,0.2,Ordering-Based Correction,original,ines,LOCAL,wistful-vole-150,original,run_noiseinjection.py,31e2b9f6dd77383e72879bcb024a1f1dfab65336,24052023_182619
cc72ed9cc08c4da091f6a05775089afd,90,FINISHED,file:///mnt/c/Users/ineso/MEIC_22_23/rewriting-history/mlruns/90/cc72ed9cc08c4da091f6a05775089afd/artifacts,2023-05-24 17:29:38.785000+00:00,2023-05-24 17:30:03.224000+00:00,0.23308270676691728,0.05,0.1122093023255814,0.16165413533834588,0.44,0.20358974358974358,0.13252535408288157,0.8984375,0.36256410256410254,0.78125,0.828125,0.90334672021419,0.4661654135338346,0.46616541353383456,0.9748427672955975,0.23308270676691722,0.0,0.03773584905660377,0.125,0.16165413533834583,LogReg,bias,sick,0.2,referral_source_other,0.1,Ordering-Based Correction,corrected,ines,LOCAL,hilarious-wasp-545,corrected,run_noiseinjection.py,31e2b9f6dd77383e72879bcb024a1f1dfab65336,24052023_182619
39e6cae648274bcbb4d1b098be906636,90,FINISHED,file:///mnt/c/Users/ineso/MEIC_22_23/rewriting-history/mlruns/90/39e6cae648274bcbb4d1b098be906636/artifacts,2023-05-24 17:29:13.931000+00:00,2023-05-24 17:29:38.145000+00:00,0.23308270676691728,0.05,0.1122093023255814,0.16165413533834588,0.44,0.20358974358974358,0.13252535408288157,0.8984375,0.36256410256410254,0.78125,0.828125,0.90334672021419,0.4661654135338346,0.46616541353383456,0.9748427672955975,0.23308270676691722,0.0,0.03773584905660377,0.125,0.16165413533834583,LogReg,bias,sick,0.2,referral_source_other,0.1,Ordering-Based Correction,noisy,ines,LOCAL,bright-quail-818,corrected,run_noiseinjection.py,31e2b9f6dd77383e72879bcb024a1f1dfab65336,24052023_182619
0f21c2d6656b43d1b5dd6c44948e9bad,90,FINISHED,file:///mnt/c/Users/ineso/MEIC_22_23/rewriting-history/mlruns/90/0f21c2d6656b43d1b5dd6c44948e9bad/artifacts,2023-05-24 17:28:48.968000+00:00,2023-05-24 17:29:13.303000+00:00,0.37593984962406013,0.05,0.20174418604651162,0.462406015037594,0.4471794871794872,0.3005128205128205,0.1550249169435216,0.8828125,0.4769230769230769,0.8203125,0.8828125,0.9073627844712182,0.5827067669172933,0.5827067669172933,0.9748427672955975,0.37593984962406013,0.0,0.03773584905660377,0.125,0.46240601503759393,LogReg,bias,sick,0.2,referral_source_other,0.1,Ordering-Based Correction,original,ines,LOCAL,intrigued-conch-773,corrected,run_noiseinjection.py,31e2b9f6dd77383e72879bcb024a1f1dfab65336,24052023_182619
63d2d617c7df41aca882848d3587c2b1,90,FINISHED,file:///mnt/c/Users/ineso/MEIC_22_23/rewriting-history/mlruns/90/63d2d617c7df41aca882848d3587c2b1/artifacts,2023-05-24 17:28:23.846000+00:00,2023-05-24 17:28:48.352000+00:00,0.23308270676691728,0.05,0.1122093023255814,0.16165413533834588,0.44,0.20358974358974358,0.13252535408288157,0.8984375,0.36256410256410254,0.78125,0.828125,0.90334672021419,0.4661654135338346,0.46616541353383456,0.9748427672955975,0.23308270676691722,0.0,0.03773584905660377,0.125,0.16165413533834583,LogReg,bias,sick,0.2,referral_source_other,0.1,Ordering-Based Correction,corrected,ines,LOCAL,fun-midge-142,noisy,run_noiseinjection.py,31e2b9f6dd77383e72879bcb024a1f1dfab65336,24052023_182619
79b6cf80d4f94eadba62d35b0ed74f65,90,FINISHED,file:///mnt/c/Users/ineso/MEIC_22_23/rewriting-history/mlruns/90/79b6cf80d4f94eadba62d35b0ed74f65/artifacts,2023-05-24 17:27:58.548000+00:00,2023-05-24 17:28:23.180000+00:00,0.23308270676691728,0.05,0.1122093023255814,0.16165413533834588,0.44,0.20358974358974358,0.13252535408288157,0.8984375,0.36256410256410254,0.78125,0.828125,0.90334672021419,0.4661654135338346,0.46616541353383456,0.9748427672955975,0.23308270676691722,0.0,0.03773584905660377,0.125,0.16165413533834583,LogReg,bias,sick,0.2,referral_source_other,0.1,Ordering-Based Correction,noisy,ines,LOCAL,valuable-turtle-929,noisy,run_noiseinjection.py,31e2b9f6dd77383e72879bcb024a1f1dfab65336,24052023_182619
82e3f499f3e543ce84ca4670c411b6fa,90,FINISHED,file:///mnt/c/Users/ineso/MEIC_22_23/rewriting-history/mlruns/90/82e3f499f3e543ce84ca4670c411b6fa/artifacts,2023-05-24 17:27:33.867000+00:00,2023-05-24 17:27:57.835000+00:00,0.37593984962406013,0.05,0.20174418604651162,0.462406015037594,0.4471794871794872,0.3005128205128205,0.1550249169435216,0.8828125,0.4769230769230769,0.8203125,0.8828125,0.9073627844712182,0.5827067669172933,0.5827067669172933,0.9748427672955975,0.37593984962406013,0.0,0.03773584905660377,0.125,0.46240601503759393,LogReg,bias,sick,0.2,referral_source_other,0.1,Ordering-Based Correction,original,ines,LOCAL,learned-loon-366,noisy,run_noiseinjection.py,31e2b9f6dd77383e72879bcb024a1f1dfab65336,24052023_182619
3a8bfaf10de3474ab02578e3171e26f4,90,FINISHED,file:///mnt/c/Users/ineso/MEIC_22_23/rewriting-history/mlruns/90/3a8bfaf10de3474ab02578e3171e26f4/artifacts,2023-05-24 17:27:09.444000+00:00,2023-05-24 17:27:33.205000+00:00,0.05263157894736842,0.05,0.11944444444444446,0.05,0.44,0.20358974358974358,-0.08337719298245627,0.9140625,0.36256410256410254,0.796875,0.84375,0.9384404924760601,0.2947368421052632,0.2947368421052632,0.9748427672955975,0.11944444444444446,0.0,0.03773584905660377,0.125,0.047368421052631504,LogReg,bias,sick,0.2,referral_source_other,0.1,Ordering-Based Correction,corrected,ines,LOCAL,sneaky-lynx-414,original,run_noiseinjection.py,31e2b9f6dd77383e72879bcb024a1f1dfab65336,24052023_182619
d933941f490941d3bcb5690dd15e26e4,90,FINISHED,file:///mnt/c/Users/ineso/MEIC_22_23/rewriting-history/mlruns/90/d933941f490941d3bcb5690dd15e26e4/artifacts,2023-05-24 17:26:44.541000+00:00,2023-05-24 17:27:08.802000+00:00,0.05263157894736842,0.05,0.11944444444444446,0.05,0.44,0.20358974358974358,-0.08337719298245627,0.9140625,0.36256410256410254,0.796875,0.84375,0.9384404924760601,0.2947368421052632,0.2947368421052632,0.9748427672955975,0.11944444444444446,0.0,0.03773584905660377,0.125,0.047368421052631504,LogReg,bias,sick,0.2,referral_source_other,0.1,Ordering-Based Correction,noisy,ines,LOCAL,rambunctious-bat-265,original,run_noiseinjection.py,31e2b9f6dd77383e72879bcb024a1f1dfab65336,24052023_182619
503604ccffc24045bfd68e73b0a49742,90,FINISHED,file:///mnt/c/Users/ineso/MEIC_22_23/rewriting-history/mlruns/90/503604ccffc24045bfd68e73b0a49742/artifacts,2023-05-24 17:26:19.595000+00:00,2023-05-24 17:26:43.892000+00:00,0.1473684210526316,0.05,0.20277777777777778,0.4052631578947368,0.4471794871794872,0.3005128205128205,-0.06527777777777777,0.8984375,0.4769230769230769,0.8359375,0.8984375,0.9450068399452805,0.46842105263157896,0.46842105263157896,0.9748427672955975,0.20277777777777778,0.0,0.03773584905660377,0.125,0.4052631578947369,LogReg,bias,sick,0.2,referral_source_other,0.1,Ordering-Based Correction,original,ines,LOCAL,overjoyed-slug-911,original,run_noiseinjection.py,31e2b9f6dd77383e72879bcb024a1f1dfab65336,24052023_182619
